--------------------------------------------------------
--  Fichier créé - vendredi-décembre-26-2014   
--------------------------------------------------------
--------------------------------------------------------
--  DDL for Sequence HIBERNATE_SEQUENCE
--------------------------------------------------------

   CREATE SEQUENCE  "HIBUSER"."HIBERNATE_SEQUENCE"  MINVALUE 1 MAXVALUE 9999999999999999999999999999 INCREMENT BY 1 START WITH 1 CACHE 20 NOORDER  NOCYCLE ;
--------------------------------------------------------
--  DDL for Table AUTHORITIES
--------------------------------------------------------

  CREATE TABLE "HIBUSER"."AUTHORITIES" 
   (	"AUTHORITY" VARCHAR2(50 CHAR), 
	"DESCRIPTION" VARCHAR2(100 CHAR)
   ) SEGMENT CREATION IMMEDIATE 
  PCTFREE 10 PCTUSED 40 INITRANS 1 MAXTRANS 255 NOCOMPRESS LOGGING
  STORAGE(INITIAL 65536 NEXT 1048576 MINEXTENTS 1 MAXEXTENTS 2147483645
  PCTINCREASE 0 FREELISTS 1 FREELIST GROUPS 1 BUFFER_POOL DEFAULT FLASH_CACHE DEFAULT CELL_FLASH_CACHE DEFAULT)
  TABLESPACE "PENTAHO_TABLESPACE" ;
--------------------------------------------------------
--  DDL for Table BDPARAMS
--------------------------------------------------------

  CREATE TABLE "HIBUSER"."BDPARAMS" 
   (	"ITEMID" VARCHAR2(100 CHAR), 
	"PARAMVALUE" VARCHAR2(50 CHAR), 
	"PARAMKEY" VARCHAR2(50 CHAR)
   ) SEGMENT CREATION IMMEDIATE 
  PCTFREE 10 PCTUSED 40 INITRANS 1 MAXTRANS 255 NOCOMPRESS LOGGING
  STORAGE(INITIAL 65536 NEXT 1048576 MINEXTENTS 1 MAXEXTENTS 2147483645
  PCTINCREASE 0 FREELISTS 1 FREELIST GROUPS 1 BUFFER_POOL DEFAULT FLASH_CACHE DEFAULT CELL_FLASH_CACHE DEFAULT)
  TABLESPACE "PENTAHO_TABLESPACE" ;
--------------------------------------------------------
--  DDL for Table BGCONTENTID
--------------------------------------------------------

  CREATE TABLE "HIBUSER"."BGCONTENTID" 
   (	"BGCONTID" VARCHAR2(100 CHAR), 
	"REVISION" NUMBER(10,0), 
	"BGUSER" VARCHAR2(100 CHAR)
   ) SEGMENT CREATION IMMEDIATE 
  PCTFREE 10 PCTUSED 40 INITRANS 1 MAXTRANS 255 NOCOMPRESS LOGGING
  STORAGE(INITIAL 65536 NEXT 1048576 MINEXTENTS 1 MAXEXTENTS 2147483645
  PCTINCREASE 0 FREELISTS 1 FREELIST GROUPS 1 BUFFER_POOL DEFAULT FLASH_CACHE DEFAULT CELL_FLASH_CACHE DEFAULT)
  TABLESPACE "PENTAHO_TABLESPACE" ;
--------------------------------------------------------
--  DDL for Table CDA_CACHECONTROL
--------------------------------------------------------

  CREATE TABLE "HIBUSER"."CDA_CACHECONTROL" 
   (	"QUERYID" NUMBER(19,0), 
	"DISCRIMINATOR" VARCHAR2(20 CHAR), 
	"CDAFILE" VARCHAR2(254 CHAR), 
	"DATAACCESSID" VARCHAR2(254 CHAR), 
	"HITCOUNT" NUMBER(10,0), 
	"MISSCOUNT" NUMBER(10,0), 
	"TIMEELAPSED" NUMBER(19,0), 
	"UNAME" VARCHAR2(255 CHAR), 
	"LASTEXECUTED" TIMESTAMP (6), 
	"NEXTEXECUTION" TIMESTAMP (6), 
	"CRONSTRING" VARCHAR2(254 CHAR), 
	"SUCCESS" NUMBER(1,0)
   ) SEGMENT CREATION IMMEDIATE 
  PCTFREE 10 PCTUSED 40 INITRANS 1 MAXTRANS 255 NOCOMPRESS LOGGING
  STORAGE(INITIAL 65536 NEXT 1048576 MINEXTENTS 1 MAXEXTENTS 2147483645
  PCTINCREASE 0 FREELISTS 1 FREELIST GROUPS 1 BUFFER_POOL DEFAULT FLASH_CACHE DEFAULT CELL_FLASH_CACHE DEFAULT)
  TABLESPACE "PENTAHO_TABLESPACE" ;
--------------------------------------------------------
--  DDL for Table CDA_CACHEDPARAMS
--------------------------------------------------------

  CREATE TABLE "HIBUSER"."CDA_CACHEDPARAMS" 
   (	"ID" NUMBER(19,0), 
	"PARAMNAME" VARCHAR2(254 CHAR), 
	"PARAMVALUE" VARCHAR2(254 CHAR), 
	"PARAMID" NUMBER(19,0), 
	"IDX" NUMBER(10,0)
   ) SEGMENT CREATION IMMEDIATE 
  PCTFREE 10 PCTUSED 40 INITRANS 1 MAXTRANS 255 NOCOMPRESS LOGGING
  STORAGE(INITIAL 65536 NEXT 1048576 MINEXTENTS 1 MAXEXTENTS 2147483645
  PCTINCREASE 0 FREELISTS 1 FREELIST GROUPS 1 BUFFER_POOL DEFAULT FLASH_CACHE DEFAULT CELL_FLASH_CACHE DEFAULT)
  TABLESPACE "PENTAHO_TABLESPACE" ;
--------------------------------------------------------
--  DDL for Table CDF_STORAGE
--------------------------------------------------------

  CREATE TABLE "HIBUSER"."CDF_STORAGE" 
   (	"STORAGEID" NUMBER(10,0), 
	"PENTAHOUSER" VARCHAR2(255 CHAR), 
	"STORAGEVALUE" CLOB, 
	"LASTUPDATED" TIMESTAMP (6)
   ) SEGMENT CREATION IMMEDIATE 
  PCTFREE 10 PCTUSED 40 INITRANS 1 MAXTRANS 255 NOCOMPRESS LOGGING
  STORAGE(INITIAL 65536 NEXT 1048576 MINEXTENTS 1 MAXEXTENTS 2147483645
  PCTINCREASE 0 FREELISTS 1 FREELIST GROUPS 1 BUFFER_POOL DEFAULT FLASH_CACHE DEFAULT CELL_FLASH_CACHE DEFAULT)
  TABLESPACE "PENTAHO_TABLESPACE" 
 LOB ("STORAGEVALUE") STORE AS BASICFILE (
  TABLESPACE "PENTAHO_TABLESPACE" ENABLE STORAGE IN ROW CHUNK 8192 RETENTION 
  NOCACHE LOGGING 
  STORAGE(INITIAL 65536 NEXT 1048576 MINEXTENTS 1 MAXEXTENTS 2147483645
  PCTINCREASE 0 FREELISTS 1 FREELIST GROUPS 1 BUFFER_POOL DEFAULT FLASH_CACHE DEFAULT CELL_FLASH_CACHE DEFAULT)) ;
--------------------------------------------------------
--  DDL for Table CONTENTITEM
--------------------------------------------------------

  CREATE TABLE "HIBUSER"."CONTENTITEM" 
   (	"CONTITEMID" VARCHAR2(100 CHAR), 
	"REVISION" NUMBER(10,0), 
	"NAMECOL" VARCHAR2(200 CHAR), 
	"PARENT_ID" VARCHAR2(100 CHAR), 
	"PATHCOL" VARCHAR2(1024 CHAR), 
	"TITLE" VARCHAR2(200 CHAR), 
	"MIMETYPE" VARCHAR2(100 CHAR), 
	"URL" VARCHAR2(254 CHAR), 
	"LATESTVERNUM" NUMBER(10,0), 
	"EXTENSION" VARCHAR2(10 CHAR), 
	"WRITEMODE" NUMBER(10,0)
   ) SEGMENT CREATION IMMEDIATE 
  PCTFREE 10 PCTUSED 40 INITRANS 1 MAXTRANS 255 NOCOMPRESS LOGGING
  STORAGE(INITIAL 65536 NEXT 1048576 MINEXTENTS 1 MAXEXTENTS 2147483645
  PCTINCREASE 0 FREELISTS 1 FREELIST GROUPS 1 BUFFER_POOL DEFAULT FLASH_CACHE DEFAULT CELL_FLASH_CACHE DEFAULT)
  TABLESPACE "PENTAHO_TABLESPACE" ;
--------------------------------------------------------
--  DDL for Table CONTENTLOCATION
--------------------------------------------------------

  CREATE TABLE "HIBUSER"."CONTENTLOCATION" 
   (	"CONTENTID" VARCHAR2(100 CHAR), 
	"REVISION" NUMBER(10,0), 
	"NAMECOL" VARCHAR2(200 CHAR), 
	"SOLNID" VARCHAR2(100 CHAR), 
	"DESCRIPTION" VARCHAR2(200 CHAR), 
	"DIRPATH" VARCHAR2(1024 CHAR)
   ) SEGMENT CREATION IMMEDIATE 
  PCTFREE 10 PCTUSED 40 INITRANS 1 MAXTRANS 255 NOCOMPRESS LOGGING
  STORAGE(INITIAL 65536 NEXT 1048576 MINEXTENTS 1 MAXEXTENTS 2147483645
  PCTINCREASE 0 FREELISTS 1 FREELIST GROUPS 1 BUFFER_POOL DEFAULT FLASH_CACHE DEFAULT CELL_FLASH_CACHE DEFAULT)
  TABLESPACE "PENTAHO_TABLESPACE" ;
--------------------------------------------------------
--  DDL for Table CONTITEMFILE
--------------------------------------------------------

  CREATE TABLE "HIBUSER"."CONTITEMFILE" 
   (	"CONTIFILEID" VARCHAR2(100 CHAR), 
	"REVISION" NUMBER(10,0), 
	"OSFILENAME" VARCHAR2(200 CHAR), 
	"OSPATH" VARCHAR2(1024 CHAR), 
	"ACTNAME" VARCHAR2(100 CHAR), 
	"PARENT_ID" VARCHAR2(100 CHAR), 
	"FILESIZE" NUMBER(19,0), 
	"FILEDATETIME" TIMESTAMP (6), 
	"ISINITIALIZED" NUMBER(10,0)
   ) SEGMENT CREATION IMMEDIATE 
  PCTFREE 10 PCTUSED 40 INITRANS 1 MAXTRANS 255 NOCOMPRESS LOGGING
  STORAGE(INITIAL 65536 NEXT 1048576 MINEXTENTS 1 MAXEXTENTS 2147483645
  PCTINCREASE 0 FREELISTS 1 FREELIST GROUPS 1 BUFFER_POOL DEFAULT FLASH_CACHE DEFAULT CELL_FLASH_CACHE DEFAULT)
  TABLESPACE "PENTAHO_TABLESPACE" ;
--------------------------------------------------------
--  DDL for Table CPLXPARAMS
--------------------------------------------------------

  CREATE TABLE "HIBUSER"."CPLXPARAMS" 
   (	"ITEMID" VARCHAR2(100 CHAR), 
	"PARAMVALUE" BLOB, 
	"PARAMKEY" VARCHAR2(50 CHAR)
   ) SEGMENT CREATION IMMEDIATE 
  PCTFREE 10 PCTUSED 40 INITRANS 1 MAXTRANS 255 NOCOMPRESS LOGGING
  STORAGE(INITIAL 65536 NEXT 1048576 MINEXTENTS 1 MAXEXTENTS 2147483645
  PCTINCREASE 0 FREELISTS 1 FREELIST GROUPS 1 BUFFER_POOL DEFAULT FLASH_CACHE DEFAULT CELL_FLASH_CACHE DEFAULT)
  TABLESPACE "PENTAHO_TABLESPACE" 
 LOB ("PARAMVALUE") STORE AS BASICFILE (
  TABLESPACE "PENTAHO_TABLESPACE" ENABLE STORAGE IN ROW CHUNK 8192 RETENTION 
  NOCACHE LOGGING 
  STORAGE(INITIAL 65536 NEXT 1048576 MINEXTENTS 1 MAXEXTENTS 2147483645
  PCTINCREASE 0 FREELISTS 1 FREELIST GROUPS 1 BUFFER_POOL DEFAULT FLASH_CACHE DEFAULT CELL_FLASH_CACHE DEFAULT)) ;
--------------------------------------------------------
--  DDL for Table DATASOURCE
--------------------------------------------------------

  CREATE TABLE "HIBUSER"."DATASOURCE" 
   (	"NAME" VARCHAR2(50 BYTE), 
	"MAXACTCONN" NUMBER(*,0), 
	"DRIVERCLASS" VARCHAR2(50 BYTE), 
	"IDLECONN" NUMBER(*,0), 
	"USERNAME" VARCHAR2(50 BYTE), 
	"PASSWORD" VARCHAR2(150 BYTE), 
	"URL" VARCHAR2(512 BYTE), 
	"QUERY" VARCHAR2(100 BYTE), 
	"WAIT" NUMBER(*,0)
   ) SEGMENT CREATION IMMEDIATE 
  PCTFREE 10 PCTUSED 40 INITRANS 1 MAXTRANS 255 NOCOMPRESS LOGGING
  STORAGE(INITIAL 65536 NEXT 1048576 MINEXTENTS 1 MAXEXTENTS 2147483645
  PCTINCREASE 0 FREELISTS 1 FREELIST GROUPS 1 BUFFER_POOL DEFAULT FLASH_CACHE DEFAULT CELL_FLASH_CACHE DEFAULT)
  TABLESPACE "PENTAHO_TABLESPACE" ;
--------------------------------------------------------
--  DDL for Table DTPARAMS
--------------------------------------------------------

  CREATE TABLE "HIBUSER"."DTPARAMS" 
   (	"ITEMID" VARCHAR2(100 CHAR), 
	"PARAMVALUE" TIMESTAMP (6), 
	"PARAMKEY" VARCHAR2(50 CHAR)
   ) SEGMENT CREATION IMMEDIATE 
  PCTFREE 10 PCTUSED 40 INITRANS 1 MAXTRANS 255 NOCOMPRESS LOGGING
  STORAGE(INITIAL 65536 NEXT 1048576 MINEXTENTS 1 MAXEXTENTS 2147483645
  PCTINCREASE 0 FREELISTS 1 FREELIST GROUPS 1 BUFFER_POOL DEFAULT FLASH_CACHE DEFAULT CELL_FLASH_CACHE DEFAULT)
  TABLESPACE "PENTAHO_TABLESPACE" ;
--------------------------------------------------------
--  DDL for Table GRANTED_AUTHORITIES
--------------------------------------------------------

  CREATE TABLE "HIBUSER"."GRANTED_AUTHORITIES" 
   (	"USERNAME" VARCHAR2(50 CHAR), 
	"AUTHORITY" VARCHAR2(50 CHAR)
   ) SEGMENT CREATION IMMEDIATE 
  PCTFREE 10 PCTUSED 40 INITRANS 1 MAXTRANS 255 NOCOMPRESS LOGGING
  STORAGE(INITIAL 65536 NEXT 1048576 MINEXTENTS 1 MAXEXTENTS 2147483645
  PCTINCREASE 0 FREELISTS 1 FREELIST GROUPS 1 BUFFER_POOL DEFAULT FLASH_CACHE DEFAULT CELL_FLASH_CACHE DEFAULT)
  TABLESPACE "PENTAHO_TABLESPACE" ;
--------------------------------------------------------
--  DDL for Table LNGPARAMS
--------------------------------------------------------

  CREATE TABLE "HIBUSER"."LNGPARAMS" 
   (	"ITEMID" VARCHAR2(100 CHAR), 
	"PARAMVALUE" NUMBER(19,0), 
	"PARAMKEY" VARCHAR2(50 CHAR)
   ) SEGMENT CREATION IMMEDIATE 
  PCTFREE 10 PCTUSED 40 INITRANS 1 MAXTRANS 255 NOCOMPRESS LOGGING
  STORAGE(INITIAL 65536 NEXT 1048576 MINEXTENTS 1 MAXEXTENTS 2147483645
  PCTINCREASE 0 FREELISTS 1 FREELIST GROUPS 1 BUFFER_POOL DEFAULT FLASH_CACHE DEFAULT CELL_FLASH_CACHE DEFAULT)
  TABLESPACE "PENTAHO_TABLESPACE" ;
--------------------------------------------------------
--  DDL for Table LSPARAMS
--------------------------------------------------------

  CREATE TABLE "HIBUSER"."LSPARAMS" 
   (	"ITEMID" VARCHAR2(100 CHAR), 
	"PARAMVALUE" CLOB, 
	"PARAMKEY" VARCHAR2(50 CHAR)
   ) SEGMENT CREATION IMMEDIATE 
  PCTFREE 10 PCTUSED 40 INITRANS 1 MAXTRANS 255 NOCOMPRESS LOGGING
  STORAGE(INITIAL 65536 NEXT 1048576 MINEXTENTS 1 MAXEXTENTS 2147483645
  PCTINCREASE 0 FREELISTS 1 FREELIST GROUPS 1 BUFFER_POOL DEFAULT FLASH_CACHE DEFAULT CELL_FLASH_CACHE DEFAULT)
  TABLESPACE "PENTAHO_TABLESPACE" 
 LOB ("PARAMVALUE") STORE AS BASICFILE (
  TABLESPACE "PENTAHO_TABLESPACE" ENABLE STORAGE IN ROW CHUNK 8192 RETENTION 
  NOCACHE LOGGING 
  STORAGE(INITIAL 65536 NEXT 1048576 MINEXTENTS 1 MAXEXTENTS 2147483645
  PCTINCREASE 0 FREELISTS 1 FREELIST GROUPS 1 BUFFER_POOL DEFAULT FLASH_CACHE DEFAULT CELL_FLASH_CACHE DEFAULT)) ;
--------------------------------------------------------
--  DDL for Table PARAMTYPESMAP
--------------------------------------------------------

  CREATE TABLE "HIBUSER"."PARAMTYPESMAP" 
   (	"ITEMID" VARCHAR2(100 CHAR), 
	"PARAMVALUE" VARCHAR2(25 CHAR), 
	"PARAMKEY" VARCHAR2(50 CHAR)
   ) SEGMENT CREATION IMMEDIATE 
  PCTFREE 10 PCTUSED 40 INITRANS 1 MAXTRANS 255 NOCOMPRESS LOGGING
  STORAGE(INITIAL 65536 NEXT 1048576 MINEXTENTS 1 MAXEXTENTS 2147483645
  PCTINCREASE 0 FREELISTS 1 FREELIST GROUPS 1 BUFFER_POOL DEFAULT FLASH_CACHE DEFAULT CELL_FLASH_CACHE DEFAULT)
  TABLESPACE "PENTAHO_TABLESPACE" ;
--------------------------------------------------------
--  DDL for Table PRO_ACLS_LIST
--------------------------------------------------------

  CREATE TABLE "HIBUSER"."PRO_ACLS_LIST" 
   (	"ACL_ID" VARCHAR2(100 CHAR), 
	"ACL_MASK" NUMBER(10,0), 
	"RECIP_TYPE" NUMBER(10,0), 
	"RECIPIENT" VARCHAR2(255 CHAR), 
	"ACL_POSITION" NUMBER(10,0)
   ) SEGMENT CREATION IMMEDIATE 
  PCTFREE 10 PCTUSED 40 INITRANS 1 MAXTRANS 255 NOCOMPRESS LOGGING
  STORAGE(INITIAL 65536 NEXT 1048576 MINEXTENTS 1 MAXEXTENTS 2147483645
  PCTINCREASE 0 FREELISTS 1 FREELIST GROUPS 1 BUFFER_POOL DEFAULT FLASH_CACHE DEFAULT CELL_FLASH_CACHE DEFAULT)
  TABLESPACE "PENTAHO_TABLESPACE" ;
--------------------------------------------------------
--  DDL for Table PRO_FILES
--------------------------------------------------------

  CREATE TABLE "HIBUSER"."PRO_FILES" 
   (	"FILE_ID" VARCHAR2(100 CHAR), 
	"REVISION" NUMBER(10,0), 
	"PARENT" VARCHAR2(100 CHAR), 
	"FILENAME" VARCHAR2(255 CHAR), 
	"FULLPATH" VARCHAR2(1024 CHAR), 
	"DATA" BLOB, 
	"DIRECTORY" NUMBER(1,0), 
	"LASTMODIFIED" NUMBER(19,0), 
	"CHILD_ID" VARCHAR2(100 CHAR)
   ) SEGMENT CREATION IMMEDIATE 
  PCTFREE 10 PCTUSED 40 INITRANS 1 MAXTRANS 255 NOCOMPRESS LOGGING
  STORAGE(INITIAL 65536 NEXT 1048576 MINEXTENTS 1 MAXEXTENTS 2147483645
  PCTINCREASE 0 FREELISTS 1 FREELIST GROUPS 1 BUFFER_POOL DEFAULT FLASH_CACHE DEFAULT CELL_FLASH_CACHE DEFAULT)
  TABLESPACE "PENTAHO_TABLESPACE" 
 LOB ("DATA") STORE AS BASICFILE (
  TABLESPACE "PENTAHO_TABLESPACE" ENABLE STORAGE IN ROW CHUNK 8192 RETENTION 
  NOCACHE LOGGING 
  STORAGE(INITIAL 65536 NEXT 1048576 MINEXTENTS 1 MAXEXTENTS 2147483645
  PCTINCREASE 0 FREELISTS 1 FREELIST GROUPS 1 BUFFER_POOL DEFAULT FLASH_CACHE DEFAULT CELL_FLASH_CACHE DEFAULT)) ;
--------------------------------------------------------
--  DDL for Table PRO_SCHEDULE
--------------------------------------------------------

  CREATE TABLE "HIBUSER"."PRO_SCHEDULE" 
   (	"SCHEDULEID" VARCHAR2(100 CHAR), 
	"REVISION" NUMBER(10,0), 
	"SCHEDTITLE" VARCHAR2(200 CHAR), 
	"SCHEDREF" VARCHAR2(1024 CHAR), 
	"SCHEDDESC" VARCHAR2(50 CHAR), 
	"CRONSTRING" VARCHAR2(256 CHAR), 
	"REPEATCOUNT" NUMBER(10,0), 
	"REPEATINTERVAL" NUMBER(10,0), 
	"STARTDATE" TIMESTAMP (6), 
	"ENDDATE" TIMESTAMP (6), 
	"GROUPNAME" VARCHAR2(50 CHAR), 
	"LAST_TRIGGER" TIMESTAMP (6)
   ) SEGMENT CREATION IMMEDIATE 
  PCTFREE 10 PCTUSED 40 INITRANS 1 MAXTRANS 255 NOCOMPRESS LOGGING
  STORAGE(INITIAL 65536 NEXT 1048576 MINEXTENTS 1 MAXEXTENTS 2147483645
  PCTINCREASE 0 FREELISTS 1 FREELIST GROUPS 1 BUFFER_POOL DEFAULT FLASH_CACHE DEFAULT CELL_FLASH_CACHE DEFAULT)
  TABLESPACE "PENTAHO_TABLESPACE" ;
--------------------------------------------------------
--  DDL for Table PRO_SUBCONTENT
--------------------------------------------------------

  CREATE TABLE "HIBUSER"."PRO_SUBCONTENT" 
   (	"SUBCONTID" VARCHAR2(100 CHAR), 
	"REVISION" NUMBER(10,0), 
	"SUBCONTTYPE" VARCHAR2(255 CHAR), 
	"SUBCONTACTREF" VARCHAR2(1024 CHAR)
   ) SEGMENT CREATION IMMEDIATE 
  PCTFREE 10 PCTUSED 40 INITRANS 1 MAXTRANS 255 NOCOMPRESS LOGGING
  STORAGE(INITIAL 65536 NEXT 1048576 MINEXTENTS 1 MAXEXTENTS 2147483645
  PCTINCREASE 0 FREELISTS 1 FREELIST GROUPS 1 BUFFER_POOL DEFAULT FLASH_CACHE DEFAULT CELL_FLASH_CACHE DEFAULT)
  TABLESPACE "PENTAHO_TABLESPACE" ;
--------------------------------------------------------
--  DDL for Table PRO_SUBCONTPARMS
--------------------------------------------------------

  CREATE TABLE "HIBUSER"."PRO_SUBCONTPARMS" 
   (	"ITEMID" VARCHAR2(100 CHAR), 
	"PARAMVALUE" RAW(255), 
	"PARAMKEY" VARCHAR2(100 CHAR)
   ) SEGMENT CREATION IMMEDIATE 
  PCTFREE 10 PCTUSED 40 INITRANS 1 MAXTRANS 255 NOCOMPRESS LOGGING
  STORAGE(INITIAL 65536 NEXT 1048576 MINEXTENTS 1 MAXEXTENTS 2147483645
  PCTINCREASE 0 FREELISTS 1 FREELIST GROUPS 1 BUFFER_POOL DEFAULT FLASH_CACHE DEFAULT CELL_FLASH_CACHE DEFAULT)
  TABLESPACE "PENTAHO_TABLESPACE" ;
--------------------------------------------------------
--  DDL for Table PRO_SUBCONT_SCHEDLIST
--------------------------------------------------------

  CREATE TABLE "HIBUSER"."PRO_SUBCONT_SCHEDLIST" 
   (	"SCHEDULEID" VARCHAR2(100 CHAR), 
	"ELT" VARCHAR2(100 CHAR), 
	"SCHEDID" NUMBER(10,0)
   ) SEGMENT CREATION IMMEDIATE 
  PCTFREE 10 PCTUSED 40 INITRANS 1 MAXTRANS 255 NOCOMPRESS LOGGING
  STORAGE(INITIAL 65536 NEXT 1048576 MINEXTENTS 1 MAXEXTENTS 2147483645
  PCTINCREASE 0 FREELISTS 1 FREELIST GROUPS 1 BUFFER_POOL DEFAULT FLASH_CACHE DEFAULT CELL_FLASH_CACHE DEFAULT)
  TABLESPACE "PENTAHO_TABLESPACE" ;
--------------------------------------------------------
--  DDL for Table PRO_SUBSCRIBE
--------------------------------------------------------

  CREATE TABLE "HIBUSER"."PRO_SUBSCRIBE" 
   (	"SUBSCRID" VARCHAR2(100 CHAR), 
	"REVISION" NUMBER(10,0), 
	"SUBSCRTYPE" NUMBER(10,0), 
	"SUBSCRUSER" VARCHAR2(100 CHAR), 
	"SUBSCRTITLE" VARCHAR2(200 CHAR), 
	"SUBSCR_CONTID" VARCHAR2(100 CHAR), 
	"SUBSCRDEST" VARCHAR2(200 CHAR)
   ) SEGMENT CREATION IMMEDIATE 
  PCTFREE 10 PCTUSED 40 INITRANS 1 MAXTRANS 255 NOCOMPRESS LOGGING
  STORAGE(INITIAL 65536 NEXT 1048576 MINEXTENTS 1 MAXEXTENTS 2147483645
  PCTINCREASE 0 FREELISTS 1 FREELIST GROUPS 1 BUFFER_POOL DEFAULT FLASH_CACHE DEFAULT CELL_FLASH_CACHE DEFAULT)
  TABLESPACE "PENTAHO_TABLESPACE" ;
--------------------------------------------------------
--  DDL for Table PRO_SUBSCRPARMS
--------------------------------------------------------

  CREATE TABLE "HIBUSER"."PRO_SUBSCRPARMS" 
   (	"ITEMID" VARCHAR2(100 CHAR), 
	"PARAMVALUE" BLOB, 
	"PARAMKEY" VARCHAR2(100 CHAR)
   ) SEGMENT CREATION IMMEDIATE 
  PCTFREE 10 PCTUSED 40 INITRANS 1 MAXTRANS 255 NOCOMPRESS LOGGING
  STORAGE(INITIAL 65536 NEXT 1048576 MINEXTENTS 1 MAXEXTENTS 2147483645
  PCTINCREASE 0 FREELISTS 1 FREELIST GROUPS 1 BUFFER_POOL DEFAULT FLASH_CACHE DEFAULT CELL_FLASH_CACHE DEFAULT)
  TABLESPACE "PENTAHO_TABLESPACE" 
 LOB ("PARAMVALUE") STORE AS BASICFILE (
  TABLESPACE "PENTAHO_TABLESPACE" ENABLE STORAGE IN ROW CHUNK 8192 RETENTION 
  NOCACHE LOGGING 
  STORAGE(INITIAL 65536 NEXT 1048576 MINEXTENTS 1 MAXEXTENTS 2147483645
  PCTINCREASE 0 FREELISTS 1 FREELIST GROUPS 1 BUFFER_POOL DEFAULT FLASH_CACHE DEFAULT CELL_FLASH_CACHE DEFAULT)) ;
--------------------------------------------------------
--  DDL for Table PRO_SUBS_SCHEDLIST
--------------------------------------------------------

  CREATE TABLE "HIBUSER"."PRO_SUBS_SCHEDLIST" 
   (	"SCHEDULEID" VARCHAR2(100 CHAR), 
	"ELT" VARCHAR2(100 CHAR), 
	"SCHEDID" NUMBER(10,0)
   ) SEGMENT CREATION IMMEDIATE 
  PCTFREE 10 PCTUSED 40 INITRANS 1 MAXTRANS 255 NOCOMPRESS LOGGING
  STORAGE(INITIAL 65536 NEXT 1048576 MINEXTENTS 1 MAXEXTENTS 2147483645
  PCTINCREASE 0 FREELISTS 1 FREELIST GROUPS 1 BUFFER_POOL DEFAULT FLASH_CACHE DEFAULT CELL_FLASH_CACHE DEFAULT)
  TABLESPACE "PENTAHO_TABLESPACE" ;
--------------------------------------------------------
--  DDL for Table RTELEMENT
--------------------------------------------------------

  CREATE TABLE "HIBUSER"."RTELEMENT" 
   (	"INSTANCEID" VARCHAR2(100 CHAR), 
	"REVISION" NUMBER(10,0), 
	"PARID" VARCHAR2(254 CHAR), 
	"PARTYPE" VARCHAR2(50 CHAR), 
	"SOLNID" VARCHAR2(254 CHAR), 
	"READONLY" NUMBER(1,0), 
	"CREATED" TIMESTAMP (6)
   ) SEGMENT CREATION IMMEDIATE 
  PCTFREE 10 PCTUSED 40 INITRANS 1 MAXTRANS 255 NOCOMPRESS LOGGING
  STORAGE(INITIAL 65536 NEXT 1048576 MINEXTENTS 1 MAXEXTENTS 2147483645
  PCTINCREASE 0 FREELISTS 1 FREELIST GROUPS 1 BUFFER_POOL DEFAULT FLASH_CACHE DEFAULT CELL_FLASH_CACHE DEFAULT)
  TABLESPACE "PENTAHO_TABLESPACE" ;
--------------------------------------------------------
--  DDL for Table SSPARAMS
--------------------------------------------------------

  CREATE TABLE "HIBUSER"."SSPARAMS" 
   (	"ITEMID" VARCHAR2(100 CHAR), 
	"PARAMVALUE" VARCHAR2(254 CHAR), 
	"PARAMKEY" VARCHAR2(50 CHAR)
   ) SEGMENT CREATION IMMEDIATE 
  PCTFREE 10 PCTUSED 40 INITRANS 1 MAXTRANS 255 NOCOMPRESS LOGGING
  STORAGE(INITIAL 65536 NEXT 1048576 MINEXTENTS 1 MAXEXTENTS 2147483645
  PCTINCREASE 0 FREELISTS 1 FREELIST GROUPS 1 BUFFER_POOL DEFAULT FLASH_CACHE DEFAULT CELL_FLASH_CACHE DEFAULT)
  TABLESPACE "PENTAHO_TABLESPACE" ;
--------------------------------------------------------
--  DDL for Table USERS
--------------------------------------------------------

  CREATE TABLE "HIBUSER"."USERS" 
   (	"USERNAME" VARCHAR2(50 CHAR), 
	"PASSWORD" VARCHAR2(50 CHAR), 
	"DESCRIPTION" VARCHAR2(100 CHAR), 
	"ENABLED" NUMBER(1,0)
   ) SEGMENT CREATION IMMEDIATE 
  PCTFREE 10 PCTUSED 40 INITRANS 1 MAXTRANS 255 NOCOMPRESS LOGGING
  STORAGE(INITIAL 65536 NEXT 1048576 MINEXTENTS 1 MAXEXTENTS 2147483645
  PCTINCREASE 0 FREELISTS 1 FREELIST GROUPS 1 BUFFER_POOL DEFAULT FLASH_CACHE DEFAULT CELL_FLASH_CACHE DEFAULT)
  TABLESPACE "PENTAHO_TABLESPACE" ;
--------------------------------------------------------
--  DDL for Table USER_SETTINGS
--------------------------------------------------------

  CREATE TABLE "HIBUSER"."USER_SETTINGS" 
   (	"USER_SETTINGS_ID" NUMBER(19,0), 
	"USERNAME" VARCHAR2(50 CHAR), 
	"SETTING_NAME" VARCHAR2(100 CHAR), 
	"SETTING_VALUE" VARCHAR2(2048 CHAR)
   ) SEGMENT CREATION IMMEDIATE 
  PCTFREE 10 PCTUSED 40 INITRANS 1 MAXTRANS 255 NOCOMPRESS LOGGING
  STORAGE(INITIAL 65536 NEXT 1048576 MINEXTENTS 1 MAXEXTENTS 2147483645
  PCTINCREASE 0 FREELISTS 1 FREELIST GROUPS 1 BUFFER_POOL DEFAULT FLASH_CACHE DEFAULT CELL_FLASH_CACHE DEFAULT)
  TABLESPACE "PENTAHO_TABLESPACE" ;
REM INSERTING into HIBUSER.AUTHORITIES
SET DEFINE OFF;
Insert into HIBUSER.AUTHORITIES (AUTHORITY,DESCRIPTION) values ('Admin','Super User');
Insert into HIBUSER.AUTHORITIES (AUTHORITY,DESCRIPTION) values ('Authenticated','User has logged in');
Insert into HIBUSER.AUTHORITIES (AUTHORITY,DESCRIPTION) values ('cto','Chief Technology Officer');
Insert into HIBUSER.AUTHORITIES (AUTHORITY,DESCRIPTION) values ('devmgr','Development Manager');
Insert into HIBUSER.AUTHORITIES (AUTHORITY,DESCRIPTION) values ('Anonymous','User has not logged in');
Insert into HIBUSER.AUTHORITIES (AUTHORITY,DESCRIPTION) values ('ceo','Chief Executive Officer');
Insert into HIBUSER.AUTHORITIES (AUTHORITY,DESCRIPTION) values ('dev','Developer');
Insert into HIBUSER.AUTHORITIES (AUTHORITY,DESCRIPTION) values ('is','Information Services');
commit;
REM INSERTING into HIBUSER.BDPARAMS
SET DEFINE OFF;
REM INSERTING into HIBUSER.BGCONTENTID
SET DEFINE OFF;
REM INSERTING into HIBUSER.CDA_CACHECONTROL
SET DEFINE OFF;
REM INSERTING into HIBUSER.CDA_CACHEDPARAMS
SET DEFINE OFF;
REM INSERTING into HIBUSER.CDF_STORAGE
SET DEFINE OFF;
REM INSERTING into HIBUSER.CONTENTITEM
SET DEFINE OFF;
REM INSERTING into HIBUSER.CONTENTLOCATION
SET DEFINE OFF;
REM INSERTING into HIBUSER.CONTITEMFILE
SET DEFINE OFF;
REM INSERTING into HIBUSER.CPLXPARAMS
SET DEFINE OFF;
REM INSERTING into HIBUSER.DATASOURCE
SET DEFINE OFF;
REM INSERTING into HIBUSER.DTPARAMS
SET DEFINE OFF;
REM INSERTING into HIBUSER.GRANTED_AUTHORITIES
SET DEFINE OFF;
Insert into HIBUSER.GRANTED_AUTHORITIES (USERNAME,AUTHORITY) values ('admin','Admin');
Insert into HIBUSER.GRANTED_AUTHORITIES (USERNAME,AUTHORITY) values ('admin','Authenticated');
Insert into HIBUSER.GRANTED_AUTHORITIES (USERNAME,AUTHORITY) values ('joe','Admin');
Insert into HIBUSER.GRANTED_AUTHORITIES (USERNAME,AUTHORITY) values ('joe','Authenticated');
Insert into HIBUSER.GRANTED_AUTHORITIES (USERNAME,AUTHORITY) values ('joe','ceo');
Insert into HIBUSER.GRANTED_AUTHORITIES (USERNAME,AUTHORITY) values ('pat','Authenticated');
Insert into HIBUSER.GRANTED_AUTHORITIES (USERNAME,AUTHORITY) values ('pat','dev');
Insert into HIBUSER.GRANTED_AUTHORITIES (USERNAME,AUTHORITY) values ('suzy','Authenticated');
Insert into HIBUSER.GRANTED_AUTHORITIES (USERNAME,AUTHORITY) values ('suzy','cto');
Insert into HIBUSER.GRANTED_AUTHORITIES (USERNAME,AUTHORITY) values ('suzy','is');
Insert into HIBUSER.GRANTED_AUTHORITIES (USERNAME,AUTHORITY) values ('tiffany','Authenticated');
Insert into HIBUSER.GRANTED_AUTHORITIES (USERNAME,AUTHORITY) values ('tiffany','dev');
Insert into HIBUSER.GRANTED_AUTHORITIES (USERNAME,AUTHORITY) values ('tiffany','devmgr');
Insert into HIBUSER.GRANTED_AUTHORITIES (USERNAME,AUTHORITY) values ('tunisair','Authenticated');
commit;
REM INSERTING into HIBUSER.LNGPARAMS
SET DEFINE OFF;
REM INSERTING into HIBUSER.LSPARAMS
SET DEFINE OFF;
REM INSERTING into HIBUSER.PARAMTYPESMAP
SET DEFINE OFF;
REM INSERTING into HIBUSER.PRO_ACLS_LIST
SET DEFINE OFF;
Insert into HIBUSER.PRO_ACLS_LIST (ACL_ID,ACL_MASK,RECIP_TYPE,RECIPIENT,ACL_POSITION) values ('be3cfc7a-3352-11e4-8d28-39db4da1ad86','-1','1','Admin','0');
Insert into HIBUSER.PRO_ACLS_LIST (ACL_ID,ACL_MASK,RECIP_TYPE,RECIPIENT,ACL_POSITION) values ('be3dbfcb-3352-11e4-8d28-39db4da1ad86','-1','1','Admin','0');
Insert into HIBUSER.PRO_ACLS_LIST (ACL_ID,ACL_MASK,RECIP_TYPE,RECIPIENT,ACL_POSITION) values ('be3cfc7a-3352-11e4-8d28-39db4da1ad86','-1','1','cto','1');
Insert into HIBUSER.PRO_ACLS_LIST (ACL_ID,ACL_MASK,RECIP_TYPE,RECIPIENT,ACL_POSITION) values ('be3cfc7a-3352-11e4-8d28-39db4da1ad86','3','1','dev','2');
Insert into HIBUSER.PRO_ACLS_LIST (ACL_ID,ACL_MASK,RECIP_TYPE,RECIPIENT,ACL_POSITION) values ('be3cfc7a-3352-11e4-8d28-39db4da1ad86','1','1','Authenticated','3');
Insert into HIBUSER.PRO_ACLS_LIST (ACL_ID,ACL_MASK,RECIP_TYPE,RECIPIENT,ACL_POSITION) values ('be3dbfcb-3352-11e4-8d28-39db4da1ad86','-1','1','cto','1');
Insert into HIBUSER.PRO_ACLS_LIST (ACL_ID,ACL_MASK,RECIP_TYPE,RECIPIENT,ACL_POSITION) values ('be3dbfcb-3352-11e4-8d28-39db4da1ad86','3','1','dev','2');
Insert into HIBUSER.PRO_ACLS_LIST (ACL_ID,ACL_MASK,RECIP_TYPE,RECIPIENT,ACL_POSITION) values ('be3dbfcb-3352-11e4-8d28-39db4da1ad86','1','1','Authenticated','3');
Insert into HIBUSER.PRO_ACLS_LIST (ACL_ID,ACL_MASK,RECIP_TYPE,RECIPIENT,ACL_POSITION) values ('0668d972-f235-11e3-927e-6fedf3884718','-1','1','Admin','0');
Insert into HIBUSER.PRO_ACLS_LIST (ACL_ID,ACL_MASK,RECIP_TYPE,RECIPIENT,ACL_POSITION) values ('9e73cc8d-ed81-11e3-9181-65eceb037e31','-1','1','Admin','0');
Insert into HIBUSER.PRO_ACLS_LIST (ACL_ID,ACL_MASK,RECIP_TYPE,RECIPIENT,ACL_POSITION) values ('9eef6531-ed81-11e3-9181-65eceb037e31','-1','0','SECURITY_PRINCIPAL','0');
Insert into HIBUSER.PRO_ACLS_LIST (ACL_ID,ACL_MASK,RECIP_TYPE,RECIPIENT,ACL_POSITION) values ('9eef6531-ed81-11e3-9181-65eceb037e31','-1','1','Admin','1');
Insert into HIBUSER.PRO_ACLS_LIST (ACL_ID,ACL_MASK,RECIP_TYPE,RECIPIENT,ACL_POSITION) values ('0db3d0de-f87f-11e3-92c4-03f59b62e1bf','-1','0','joe','0');
Insert into HIBUSER.PRO_ACLS_LIST (ACL_ID,ACL_MASK,RECIP_TYPE,RECIPIENT,ACL_POSITION) values ('0db3d0de-f87f-11e3-92c4-03f59b62e1bf','-1','1','Admin','1');
Insert into HIBUSER.PRO_ACLS_LIST (ACL_ID,ACL_MASK,RECIP_TYPE,RECIPIENT,ACL_POSITION) values ('0ddfc2df-f87f-11e3-92c4-03f59b62e1bf','-1','0','joe','0');
Insert into HIBUSER.PRO_ACLS_LIST (ACL_ID,ACL_MASK,RECIP_TYPE,RECIPIENT,ACL_POSITION) values ('0ddfc2df-f87f-11e3-92c4-03f59b62e1bf','-1','1','Admin','1');
Insert into HIBUSER.PRO_ACLS_LIST (ACL_ID,ACL_MASK,RECIP_TYPE,RECIPIENT,ACL_POSITION) values ('c9af1c0a-ebd3-11e3-8c2e-d196cb143440','-1','1','Admin','0');
Insert into HIBUSER.PRO_ACLS_LIST (ACL_ID,ACL_MASK,RECIP_TYPE,RECIPIENT,ACL_POSITION) values ('c9af1c0a-ebd3-11e3-8c2e-d196cb143440','-1','1','cto','1');
Insert into HIBUSER.PRO_ACLS_LIST (ACL_ID,ACL_MASK,RECIP_TYPE,RECIPIENT,ACL_POSITION) values ('c9af1c0a-ebd3-11e3-8c2e-d196cb143440','3','1','dev','2');
Insert into HIBUSER.PRO_ACLS_LIST (ACL_ID,ACL_MASK,RECIP_TYPE,RECIPIENT,ACL_POSITION) values ('c9af1c0a-ebd3-11e3-8c2e-d196cb143440','1','1','Authenticated','3');
Insert into HIBUSER.PRO_ACLS_LIST (ACL_ID,ACL_MASK,RECIP_TYPE,RECIPIENT,ACL_POSITION) values ('c9deb7e0-ebd3-11e3-8c2e-d196cb143440','-1','1','Admin','0');
Insert into HIBUSER.PRO_ACLS_LIST (ACL_ID,ACL_MASK,RECIP_TYPE,RECIPIENT,ACL_POSITION) values ('c9deb7e0-ebd3-11e3-8c2e-d196cb143440','-1','1','cto','1');
Insert into HIBUSER.PRO_ACLS_LIST (ACL_ID,ACL_MASK,RECIP_TYPE,RECIPIENT,ACL_POSITION) values ('c9deb7e0-ebd3-11e3-8c2e-d196cb143440','3','1','dev','2');
Insert into HIBUSER.PRO_ACLS_LIST (ACL_ID,ACL_MASK,RECIP_TYPE,RECIPIENT,ACL_POSITION) values ('c9deb7e0-ebd3-11e3-8c2e-d196cb143440','1','1','Authenticated','3');
Insert into HIBUSER.PRO_ACLS_LIST (ACL_ID,ACL_MASK,RECIP_TYPE,RECIPIENT,ACL_POSITION) values ('37420b1e-efde-11e3-a4d4-89afc3a20457','-1','0','SECURITY_PRINCIPAL','0');
Insert into HIBUSER.PRO_ACLS_LIST (ACL_ID,ACL_MASK,RECIP_TYPE,RECIPIENT,ACL_POSITION) values ('37420b1e-efde-11e3-a4d4-89afc3a20457','-1','1','Admin','1');
Insert into HIBUSER.PRO_ACLS_LIST (ACL_ID,ACL_MASK,RECIP_TYPE,RECIPIENT,ACL_POSITION) values ('378814d0-efde-11e3-a4d4-89afc3a20457','-1','1','Admin','0');
Insert into HIBUSER.PRO_ACLS_LIST (ACL_ID,ACL_MASK,RECIP_TYPE,RECIPIENT,ACL_POSITION) values ('378814d0-efde-11e3-a4d4-89afc3a20457','-1','0','SECURITY_PRINCIPAL','1');
Insert into HIBUSER.PRO_ACLS_LIST (ACL_ID,ACL_MASK,RECIP_TYPE,RECIPIENT,ACL_POSITION) values ('378f67d2-efde-11e3-a4d4-89afc3a20457','-1','0','SECURITY_PRINCIPAL','0');
Insert into HIBUSER.PRO_ACLS_LIST (ACL_ID,ACL_MASK,RECIP_TYPE,RECIPIENT,ACL_POSITION) values ('378f67d2-efde-11e3-a4d4-89afc3a20457','-1','1','Admin','1');
Insert into HIBUSER.PRO_ACLS_LIST (ACL_ID,ACL_MASK,RECIP_TYPE,RECIPIENT,ACL_POSITION) values ('37953434-efde-11e3-a4d4-89afc3a20457','-1','0','SECURITY_PRINCIPAL','0');
Insert into HIBUSER.PRO_ACLS_LIST (ACL_ID,ACL_MASK,RECIP_TYPE,RECIPIENT,ACL_POSITION) values ('37953434-efde-11e3-a4d4-89afc3a20457','-1','1','Admin','1');
Insert into HIBUSER.PRO_ACLS_LIST (ACL_ID,ACL_MASK,RECIP_TYPE,RECIPIENT,ACL_POSITION) values ('86227269-327e-11e4-8274-d1b1787836de','-1','0','joe','0');
Insert into HIBUSER.PRO_ACLS_LIST (ACL_ID,ACL_MASK,RECIP_TYPE,RECIPIENT,ACL_POSITION) values ('86227269-327e-11e4-8274-d1b1787836de','-1','1','Admin','1');
Insert into HIBUSER.PRO_ACLS_LIST (ACL_ID,ACL_MASK,RECIP_TYPE,RECIPIENT,ACL_POSITION) values ('3284e27c-34d7-11e4-b44a-bdd0c65241d1','-1','0','joe','0');
Insert into HIBUSER.PRO_ACLS_LIST (ACL_ID,ACL_MASK,RECIP_TYPE,RECIPIENT,ACL_POSITION) values ('3284e27c-34d7-11e4-b44a-bdd0c65241d1','-1','1','Admin','1');
Insert into HIBUSER.PRO_ACLS_LIST (ACL_ID,ACL_MASK,RECIP_TYPE,RECIPIENT,ACL_POSITION) values ('c9dce2d9-ebd3-11e3-8c2e-d196cb143440','-1','1','Admin','0');
Insert into HIBUSER.PRO_ACLS_LIST (ACL_ID,ACL_MASK,RECIP_TYPE,RECIPIENT,ACL_POSITION) values ('c9dce2d9-ebd3-11e3-8c2e-d196cb143440','-1','1','cto','1');
Insert into HIBUSER.PRO_ACLS_LIST (ACL_ID,ACL_MASK,RECIP_TYPE,RECIPIENT,ACL_POSITION) values ('c9dce2d9-ebd3-11e3-8c2e-d196cb143440','3','1','dev','2');
Insert into HIBUSER.PRO_ACLS_LIST (ACL_ID,ACL_MASK,RECIP_TYPE,RECIPIENT,ACL_POSITION) values ('c9dce2d9-ebd3-11e3-8c2e-d196cb143440','1','1','Authenticated','3');
Insert into HIBUSER.PRO_ACLS_LIST (ACL_ID,ACL_MASK,RECIP_TYPE,RECIPIENT,ACL_POSITION) values ('c9dc6d9f-ebd3-11e3-8c2e-d196cb143440','-1','1','Admin','0');
Insert into HIBUSER.PRO_ACLS_LIST (ACL_ID,ACL_MASK,RECIP_TYPE,RECIPIENT,ACL_POSITION) values ('c9dc6d9f-ebd3-11e3-8c2e-d196cb143440','-1','1','cto','1');
Insert into HIBUSER.PRO_ACLS_LIST (ACL_ID,ACL_MASK,RECIP_TYPE,RECIPIENT,ACL_POSITION) values ('c9dc6d9f-ebd3-11e3-8c2e-d196cb143440','3','1','dev','2');
Insert into HIBUSER.PRO_ACLS_LIST (ACL_ID,ACL_MASK,RECIP_TYPE,RECIPIENT,ACL_POSITION) values ('c9dc6d9f-ebd3-11e3-8c2e-d196cb143440','1','1','Authenticated','3');
Insert into HIBUSER.PRO_ACLS_LIST (ACL_ID,ACL_MASK,RECIP_TYPE,RECIPIENT,ACL_POSITION) values ('c9dc94b1-ebd3-11e3-8c2e-d196cb143440','-1','1','Admin','0');
Insert into HIBUSER.PRO_ACLS_LIST (ACL_ID,ACL_MASK,RECIP_TYPE,RECIPIENT,ACL_POSITION) values ('c9dc94b1-ebd3-11e3-8c2e-d196cb143440','-1','1','cto','1');
Insert into HIBUSER.PRO_ACLS_LIST (ACL_ID,ACL_MASK,RECIP_TYPE,RECIPIENT,ACL_POSITION) values ('c9dc94b1-ebd3-11e3-8c2e-d196cb143440','3','1','dev','2');
Insert into HIBUSER.PRO_ACLS_LIST (ACL_ID,ACL_MASK,RECIP_TYPE,RECIPIENT,ACL_POSITION) values ('c9dc94b1-ebd3-11e3-8c2e-d196cb143440','1','1','Authenticated','3');
Insert into HIBUSER.PRO_ACLS_LIST (ACL_ID,ACL_MASK,RECIP_TYPE,RECIPIENT,ACL_POSITION) values ('c9dc468b-ebd3-11e3-8c2e-d196cb143440','-1','1','Admin','0');
Insert into HIBUSER.PRO_ACLS_LIST (ACL_ID,ACL_MASK,RECIP_TYPE,RECIPIENT,ACL_POSITION) values ('c9dc6d9d-ebd3-11e3-8c2e-d196cb143440','-1','1','Admin','0');
Insert into HIBUSER.PRO_ACLS_LIST (ACL_ID,ACL_MASK,RECIP_TYPE,RECIPIENT,ACL_POSITION) values ('c9dc6d9d-ebd3-11e3-8c2e-d196cb143440','-1','1','cto','1');
Insert into HIBUSER.PRO_ACLS_LIST (ACL_ID,ACL_MASK,RECIP_TYPE,RECIPIENT,ACL_POSITION) values ('c9dc6d9d-ebd3-11e3-8c2e-d196cb143440','3','1','dev','2');
Insert into HIBUSER.PRO_ACLS_LIST (ACL_ID,ACL_MASK,RECIP_TYPE,RECIPIENT,ACL_POSITION) values ('c9dc6d9d-ebd3-11e3-8c2e-d196cb143440','1','1','Authenticated','3');
Insert into HIBUSER.PRO_ACLS_LIST (ACL_ID,ACL_MASK,RECIP_TYPE,RECIPIENT,ACL_POSITION) values ('c9dc6d9e-ebd3-11e3-8c2e-d196cb143440','-1','1','Admin','0');
Insert into HIBUSER.PRO_ACLS_LIST (ACL_ID,ACL_MASK,RECIP_TYPE,RECIPIENT,ACL_POSITION) values ('c9dc6d9e-ebd3-11e3-8c2e-d196cb143440','-1','1','cto','1');
Insert into HIBUSER.PRO_ACLS_LIST (ACL_ID,ACL_MASK,RECIP_TYPE,RECIPIENT,ACL_POSITION) values ('c9dc6d9e-ebd3-11e3-8c2e-d196cb143440','3','1','dev','2');
Insert into HIBUSER.PRO_ACLS_LIST (ACL_ID,ACL_MASK,RECIP_TYPE,RECIPIENT,ACL_POSITION) values ('c9dc6d9e-ebd3-11e3-8c2e-d196cb143440','1','1','Authenticated','3');
Insert into HIBUSER.PRO_ACLS_LIST (ACL_ID,ACL_MASK,RECIP_TYPE,RECIPIENT,ACL_POSITION) values ('c9dc468c-ebd3-11e3-8c2e-d196cb143440','-1','1','Admin','0');
Insert into HIBUSER.PRO_ACLS_LIST (ACL_ID,ACL_MASK,RECIP_TYPE,RECIPIENT,ACL_POSITION) values ('c9dc468c-ebd3-11e3-8c2e-d196cb143440','-1','1','cto','1');
Insert into HIBUSER.PRO_ACLS_LIST (ACL_ID,ACL_MASK,RECIP_TYPE,RECIPIENT,ACL_POSITION) values ('c9dc468c-ebd3-11e3-8c2e-d196cb143440','3','1','dev','2');
Insert into HIBUSER.PRO_ACLS_LIST (ACL_ID,ACL_MASK,RECIP_TYPE,RECIPIENT,ACL_POSITION) values ('c9dc468c-ebd3-11e3-8c2e-d196cb143440','1','1','Authenticated','3');
commit;
REM INSERTING into HIBUSER.PRO_FILES
SET DEFINE OFF;
Insert into HIBUSER.PRO_FILES (FILE_ID,REVISION,PARENT,FILENAME,FULLPATH,DIRECTORY,LASTMODIFIED,CHILD_ID) values ('efff2e00-7c60-11e4-925a-c3a35acce64a','16','be3cfc7a-3352-11e4-8d28-39db4da1ad86','Cube_Vols.xml','/pentaho-solutions/Analyse-Vols/Cube_Vols.xml','0','1417778331574','be3cfc7a-3352-11e4-8d28-39db4da1ad86');
Insert into HIBUSER.PRO_FILES (FILE_ID,REVISION,PARENT,FILENAME,FULLPATH,DIRECTORY,LASTMODIFIED,CHILD_ID) values ('c9dc6d9d-ebd3-11e3-8c2e-d196cb143440','2','c9dc468b-ebd3-11e3-8c2e-d196cb143440','resources','/pentaho-solutions/admin/resources','1','1415263459558','c9dc468b-ebd3-11e3-8c2e-d196cb143440');
Insert into HIBUSER.PRO_FILES (FILE_ID,REVISION,PARENT,FILENAME,FULLPATH,DIRECTORY,LASTMODIFIED,CHILD_ID) values ('c9dc6d9e-ebd3-11e3-8c2e-d196cb143440','2','c9dc6d9d-ebd3-11e3-8c2e-d196cb143440','metadata','/pentaho-solutions/admin/resources/metadata','1','1415263459561','c9dc6d9d-ebd3-11e3-8c2e-d196cb143440');
Insert into HIBUSER.PRO_FILES (FILE_ID,REVISION,PARENT,FILENAME,FULLPATH,DIRECTORY,LASTMODIFIED,CHILD_ID) values ('86227269-327e-11e4-8274-d1b1787836de','5','c9af1c0a-ebd3-11e3-8c2e-d196cb143440','Rapports','/pentaho-solutions/Rapports','1','1415263461721','c9af1c0a-ebd3-11e3-8c2e-d196cb143440');
Insert into HIBUSER.PRO_FILES (FILE_ID,REVISION,PARENT,FILENAME,FULLPATH,DIRECTORY,LASTMODIFIED,CHILD_ID) values ('8624bc5a-327e-11e4-8274-d1b1787836de','1','86227269-327e-11e4-8274-d1b1787836de','index.xml','/pentaho-solutions/Rapports/index.xml','0','1409647972591','86227269-327e-11e4-8274-d1b1787836de');
Insert into HIBUSER.PRO_FILES (FILE_ID,REVISION,PARENT,FILENAME,FULLPATH,DIRECTORY,LASTMODIFIED,CHILD_ID) values ('be3cfc7a-3352-11e4-8d28-39db4da1ad86','3','c9af1c0a-ebd3-11e3-8c2e-d196cb143440','Analyse-Vols','/pentaho-solutions/Analyse-Vols','1','1417771948694','c9af1c0a-ebd3-11e3-8c2e-d196cb143440');
Insert into HIBUSER.PRO_FILES (FILE_ID,REVISION,PARENT,FILENAME,FULLPATH,DIRECTORY,LASTMODIFIED,CHILD_ID) values ('be3de6de-3352-11e4-8d28-39db4da1ad86','0','be3cfc7a-3352-11e4-8d28-39db4da1ad86','index.xml','/pentaho-solutions/Analyse-Vols/index.xml','0','1409651751205','be3cfc7a-3352-11e4-8d28-39db4da1ad86');
Insert into HIBUSER.PRO_FILES (FILE_ID,REVISION,PARENT,FILENAME,FULLPATH,DIRECTORY,LASTMODIFIED,CHILD_ID) values ('be3dbfcb-3352-11e4-8d28-39db4da1ad86','1','be3cfc7a-3352-11e4-8d28-39db4da1ad86','Tableaux de bord','/pentaho-solutions/Analyse-Vols/Tableaux de bord','1','1415263461520','be3cfc7a-3352-11e4-8d28-39db4da1ad86');
Insert into HIBUSER.PRO_FILES (FILE_ID,REVISION,PARENT,FILENAME,FULLPATH,DIRECTORY,LASTMODIFIED,CHILD_ID) values ('be3ed14a-3352-11e4-8d28-39db4da1ad86','0','be3dbfcb-3352-11e4-8d28-39db4da1ad86','test.cdfde','/pentaho-solutions/Analyse-Vols/Tableaux de bord/test.cdfde','0','1409732039578','be3dbfcb-3352-11e4-8d28-39db4da1ad86');
Insert into HIBUSER.PRO_FILES (FILE_ID,REVISION,PARENT,FILENAME,FULLPATH,DIRECTORY,LASTMODIFIED,CHILD_ID) values ('be3eaa39-3352-11e4-8d28-39db4da1ad86','0','be3dbfcb-3352-11e4-8d28-39db4da1ad86','kpi_pays_saisons.wcdf','/pentaho-solutions/Analyse-Vols/Tableaux de bord/kpi_pays_saisons.wcdf','0','1409653353652','be3dbfcb-3352-11e4-8d28-39db4da1ad86');
Insert into HIBUSER.PRO_FILES (FILE_ID,REVISION,PARENT,FILENAME,FULLPATH,DIRECTORY,LASTMODIFIED,CHILD_ID) values ('be3eaa38-3352-11e4-8d28-39db4da1ad86','0','be3dbfcb-3352-11e4-8d28-39db4da1ad86','kpi_pays_saisons.cdfde','/pentaho-solutions/Analyse-Vols/Tableaux de bord/kpi_pays_saisons.cdfde','0','1409668388414','be3dbfcb-3352-11e4-8d28-39db4da1ad86');
Insert into HIBUSER.PRO_FILES (FILE_ID,REVISION,PARENT,FILENAME,FULLPATH,DIRECTORY,LASTMODIFIED,CHILD_ID) values ('be3e8327-3352-11e4-8d28-39db4da1ad86','0','be3dbfcb-3352-11e4-8d28-39db4da1ad86','kpi_pays_saisons.cda','/pentaho-solutions/Analyse-Vols/Tableaux de bord/kpi_pays_saisons.cda','0','1409668388712','be3dbfcb-3352-11e4-8d28-39db4da1ad86');
Insert into HIBUSER.PRO_FILES (FILE_ID,REVISION,PARENT,FILENAME,FULLPATH,DIRECTORY,LASTMODIFIED,CHILD_ID) values ('be3e5c16-3352-11e4-8d28-39db4da1ad86','0','be3dbfcb-3352-11e4-8d28-39db4da1ad86','KPI_nvol_saisons.wcdf','/pentaho-solutions/Analyse-Vols/Tableaux de bord/KPI_nvol_saisons.wcdf','0','1409653063495','be3dbfcb-3352-11e4-8d28-39db4da1ad86');
Insert into HIBUSER.PRO_FILES (FILE_ID,REVISION,PARENT,FILENAME,FULLPATH,DIRECTORY,LASTMODIFIED,CHILD_ID) values ('be3e5c15-3352-11e4-8d28-39db4da1ad86','0','be3dbfcb-3352-11e4-8d28-39db4da1ad86','KPI_nvol_saisons.cdfde','/pentaho-solutions/Analyse-Vols/Tableaux de bord/KPI_nvol_saisons.cdfde','0','1409668676514','be3dbfcb-3352-11e4-8d28-39db4da1ad86');
Insert into HIBUSER.PRO_FILES (FILE_ID,REVISION,PARENT,FILENAME,FULLPATH,DIRECTORY,LASTMODIFIED,CHILD_ID) values ('be3e3504-3352-11e4-8d28-39db4da1ad86','0','be3dbfcb-3352-11e4-8d28-39db4da1ad86','KPI_nvol_saisons.cda','/pentaho-solutions/Analyse-Vols/Tableaux de bord/KPI_nvol_saisons.cda','0','1409668676679','be3dbfcb-3352-11e4-8d28-39db4da1ad86');
Insert into HIBUSER.PRO_FILES (FILE_ID,REVISION,PARENT,FILENAME,FULLPATH,DIRECTORY,LASTMODIFIED,CHILD_ID) values ('be3e3503-3352-11e4-8d28-39db4da1ad86','0','be3dbfcb-3352-11e4-8d28-39db4da1ad86','kpi_destination_saisons.wcdf','/pentaho-solutions/Analyse-Vols/Tableaux de bord/kpi_destination_saisons.wcdf','0','1409653309262','be3dbfcb-3352-11e4-8d28-39db4da1ad86');
Insert into HIBUSER.PRO_FILES (FILE_ID,REVISION,PARENT,FILENAME,FULLPATH,DIRECTORY,LASTMODIFIED,CHILD_ID) values ('be3e3502-3352-11e4-8d28-39db4da1ad86','0','be3dbfcb-3352-11e4-8d28-39db4da1ad86','kpi_destination_saisons.cdfde','/pentaho-solutions/Analyse-Vols/Tableaux de bord/kpi_destination_saisons.cdfde','0','1409668488946','be3dbfcb-3352-11e4-8d28-39db4da1ad86');
Insert into HIBUSER.PRO_FILES (FILE_ID,REVISION,PARENT,FILENAME,FULLPATH,DIRECTORY,LASTMODIFIED,CHILD_ID) values ('be3e0df1-3352-11e4-8d28-39db4da1ad86','0','be3dbfcb-3352-11e4-8d28-39db4da1ad86','kpi_destination_saisons.cda','/pentaho-solutions/Analyse-Vols/Tableaux de bord/kpi_destination_saisons.cda','0','1409668489155','be3dbfcb-3352-11e4-8d28-39db4da1ad86');
Insert into HIBUSER.PRO_FILES (FILE_ID,REVISION,PARENT,FILENAME,FULLPATH,DIRECTORY,LASTMODIFIED,CHILD_ID) values ('be3e0df0-3352-11e4-8d28-39db4da1ad86','0','be3dbfcb-3352-11e4-8d28-39db4da1ad86','index.xml','/pentaho-solutions/Analyse-Vols/Tableaux de bord/index.xml','0','1398164914740','be3dbfcb-3352-11e4-8d28-39db4da1ad86');
Insert into HIBUSER.PRO_FILES (FILE_ID,REVISION,PARENT,FILENAME,FULLPATH,DIRECTORY,LASTMODIFIED,CHILD_ID) values ('be3de6df-3352-11e4-8d28-39db4da1ad86','0','be3dbfcb-3352-11e4-8d28-39db4da1ad86','dcc.cdfde','/pentaho-solutions/Analyse-Vols/Tableaux de bord/dcc.cdfde','0','1409676659402','be3dbfcb-3352-11e4-8d28-39db4da1ad86');
Insert into HIBUSER.PRO_FILES (FILE_ID,REVISION,PARENT,FILENAME,FULLPATH,DIRECTORY,LASTMODIFIED,CHILD_ID) values ('ca0b6d6c-ebd3-11e3-8c2e-d196cb143440','0','c9dc6d9e-ebd3-11e3-8c2e-d196cb143440','metadata.txt','/pentaho-solutions/admin/resources/metadata/metadata.txt','0','1353938386000','c9dc6d9e-ebd3-11e3-8c2e-d196cb143440');
Insert into HIBUSER.PRO_FILES (FILE_ID,REVISION,PARENT,FILENAME,FULLPATH,DIRECTORY,LASTMODIFIED,CHILD_ID) values ('c9dc468c-ebd3-11e3-8c2e-d196cb143440','2','c9dc468b-ebd3-11e3-8c2e-d196cb143440','Content','/pentaho-solutions/admin/Content','1','1415263459515','c9dc468b-ebd3-11e3-8c2e-d196cb143440');
Insert into HIBUSER.PRO_FILES (FILE_ID,REVISION,PARENT,FILENAME,FULLPATH,DIRECTORY,LASTMODIFIED,CHILD_ID) values ('c9fcc74c-ebd3-11e3-8c2e-d196cb143440','0','c9dc468c-ebd3-11e3-8c2e-d196cb143440','index_zh_CN.properties','/pentaho-solutions/admin/Content/index_zh_CN.properties','0','1353938386000','c9dc468c-ebd3-11e3-8c2e-d196cb143440');
Insert into HIBUSER.PRO_FILES (FILE_ID,REVISION,PARENT,FILENAME,FULLPATH,DIRECTORY,LASTMODIFIED,CHILD_ID) values ('c9fb40ab-ebd3-11e3-8c2e-d196cb143440','0','c9dc468c-ebd3-11e3-8c2e-d196cb143440','index_nl.properties','/pentaho-solutions/admin/Content/index_nl.properties','0','1353938386000','c9dc468c-ebd3-11e3-8c2e-d196cb143440');
Insert into HIBUSER.PRO_FILES (FILE_ID,REVISION,PARENT,FILENAME,FULLPATH,DIRECTORY,LASTMODIFIED,CHILD_ID) values ('c9faf28a-ebd3-11e3-8c2e-d196cb143440','0','c9dc468c-ebd3-11e3-8c2e-d196cb143440','index_de.properties','/pentaho-solutions/admin/Content/index_de.properties','0','1353938386000','c9dc468c-ebd3-11e3-8c2e-d196cb143440');
Insert into HIBUSER.PRO_FILES (FILE_ID,REVISION,PARENT,FILENAME,FULLPATH,DIRECTORY,LASTMODIFIED,CHILD_ID) values ('c9fa7d58-ebd3-11e3-8c2e-d196cb143440','0','c9dc468c-ebd3-11e3-8c2e-d196cb143440','index.properties','/pentaho-solutions/admin/Content/index.properties','0','1353938386000','c9dc468c-ebd3-11e3-8c2e-d196cb143440');
Insert into HIBUSER.PRO_FILES (FILE_ID,REVISION,PARENT,FILENAME,FULLPATH,DIRECTORY,LASTMODIFIED,CHILD_ID) values ('c9f8f6b7-ebd3-11e3-8c2e-d196cb143440','0','c9dc468c-ebd3-11e3-8c2e-d196cb143440','folder2.png','/pentaho-solutions/admin/Content/folder2.png','0','1353938386000','c9dc468c-ebd3-11e3-8c2e-d196cb143440');
Insert into HIBUSER.PRO_FILES (FILE_ID,REVISION,PARENT,FILENAME,FULLPATH,DIRECTORY,LASTMODIFIED,CHILD_ID) values ('c9f8a896-ebd3-11e3-8c2e-d196cb143440','0','c9dc468c-ebd3-11e3-8c2e-d196cb143440','folder.png','/pentaho-solutions/admin/Content/folder.png','0','1353938386000','c9dc468c-ebd3-11e3-8c2e-d196cb143440');
Insert into HIBUSER.PRO_FILES (FILE_ID,REVISION,PARENT,FILENAME,FULLPATH,DIRECTORY,LASTMODIFIED,CHILD_ID) values ('c9f685b5-ebd3-11e3-8c2e-d196cb143440','0','c9dc468c-ebd3-11e3-8c2e-d196cb143440','file.png','/pentaho-solutions/admin/Content/file.png','0','1353938386000','c9dc468c-ebd3-11e3-8c2e-d196cb143440');
Insert into HIBUSER.PRO_FILES (FILE_ID,REVISION,PARENT,FILENAME,FULLPATH,DIRECTORY,LASTMODIFIED,CHILD_ID) values ('c9f65ea4-ebd3-11e3-8c2e-d196cb143440','0','c9dc468c-ebd3-11e3-8c2e-d196cb143440','Calendar.PNG','/pentaho-solutions/admin/Content/Calendar.PNG','0','1353938386000','c9dc468c-ebd3-11e3-8c2e-d196cb143440');
Insert into HIBUSER.PRO_FILES (FILE_ID,REVISION,PARENT,FILENAME,FULLPATH,DIRECTORY,LASTMODIFIED,CHILD_ID) values ('c9facb79-ebd3-11e3-8c2e-d196cb143440','0','c9dc468c-ebd3-11e3-8c2e-d196cb143440','index.xml','/pentaho-solutions/admin/Content/index.xml','0','1353938386000','c9dc468c-ebd3-11e3-8c2e-d196cb143440');
Insert into HIBUSER.PRO_FILES (FILE_ID,REVISION,PARENT,FILENAME,FULLPATH,DIRECTORY,LASTMODIFIED,CHILD_ID) values ('c9f4ff13-ebd3-11e3-8c2e-d196cb143440','0','c9dc468c-ebd3-11e3-8c2e-d196cb143440','Broom.PNG','/pentaho-solutions/admin/Content/Broom.PNG','0','1353938386000','c9dc468c-ebd3-11e3-8c2e-d196cb143440');
Insert into HIBUSER.PRO_FILES (FILE_ID,REVISION,PARENT,FILENAME,FULLPATH,DIRECTORY,LASTMODIFIED,CHILD_ID) values ('c9f17ca2-ebd3-11e3-8c2e-d196cb143440','0','c9dc468c-ebd3-11e3-8c2e-d196cb143440','Books.PNG','/pentaho-solutions/admin/Content/Books.PNG','0','1353938386000','c9dc468c-ebd3-11e3-8c2e-d196cb143440');
Insert into HIBUSER.PRO_FILES (FILE_ID,REVISION,PARENT,FILENAME,FULLPATH,DIRECTORY,LASTMODIFIED,CHILD_ID) values ('0668d972-f235-11e3-927e-6fedf3884718','16','c9dc6d9f-ebd3-11e3-8c2e-d196cb143440','CDEDemos','/pentaho-solutions/Analyse-Coupons/CDEDemos','1','1415263459933','c9dc6d9f-ebd3-11e3-8c2e-d196cb143440');
Insert into HIBUSER.PRO_FILES (FILE_ID,REVISION,PARENT,FILENAME,FULLPATH,DIRECTORY,LASTMODIFIED,CHILD_ID) values ('1e20043a-f235-11e3-927e-6fedf3884718','0','0668d972-f235-11e3-927e-6fedf3884718','index.xml','/pentaho-solutions/Analyse-Coupons/CDEDemos/index.xml','0','1385583562962','0668d972-f235-11e3-927e-6fedf3884718');
Insert into HIBUSER.PRO_FILES (FILE_ID,REVISION,PARENT,FILENAME,FULLPATH,DIRECTORY,LASTMODIFIED,CHILD_ID) values ('1e20796d-f235-11e3-927e-6fedf3884718','0','0668d972-f235-11e3-927e-6fedf3884718','SalesDashboard.wcdf','/pentaho-solutions/Analyse-Coupons/CDEDemos/SalesDashboard.wcdf','0','1385583595834','0668d972-f235-11e3-927e-6fedf3884718');
Insert into HIBUSER.PRO_FILES (FILE_ID,REVISION,PARENT,FILENAME,FULLPATH,DIRECTORY,LASTMODIFIED,CHILD_ID) values ('1e20796e-f235-11e3-927e-6fedf3884718','0','0668d972-f235-11e3-927e-6fedf3884718','SalesDashboard_tmp.cda','/pentaho-solutions/Analyse-Coupons/CDEDemos/SalesDashboard_tmp.cda','0','1385974316225','0668d972-f235-11e3-927e-6fedf3884718');
Insert into HIBUSER.PRO_FILES (FILE_ID,REVISION,PARENT,FILENAME,FULLPATH,DIRECTORY,LASTMODIFIED,CHILD_ID) values ('1e20c78f-f235-11e3-927e-6fedf3884718','0','0668d972-f235-11e3-927e-6fedf3884718','SalesDashboard_tmp.cdfde','/pentaho-solutions/Analyse-Coupons/CDEDemos/SalesDashboard_tmp.cdfde','0','1385974316096','0668d972-f235-11e3-927e-6fedf3884718');
Insert into HIBUSER.PRO_FILES (FILE_ID,REVISION,PARENT,FILENAME,FULLPATH,DIRECTORY,LASTMODIFIED,CHILD_ID) values ('1e202b4b-f235-11e3-927e-6fedf3884718','0','0668d972-f235-11e3-927e-6fedf3884718','SalesDashboard.cda','/pentaho-solutions/Analyse-Coupons/CDEDemos/SalesDashboard.cda','0','1385583595679','0668d972-f235-11e3-927e-6fedf3884718');
Insert into HIBUSER.PRO_FILES (FILE_ID,REVISION,PARENT,FILENAME,FULLPATH,DIRECTORY,LASTMODIFIED,CHILD_ID) values ('1e20796c-f235-11e3-927e-6fedf3884718','0','0668d972-f235-11e3-927e-6fedf3884718','SalesDashboard.cdfde','/pentaho-solutions/Analyse-Coupons/CDEDemos/SalesDashboard.cdfde','0','1385583595571','0668d972-f235-11e3-927e-6fedf3884718');
Insert into HIBUSER.PRO_FILES (FILE_ID,REVISION,PARENT,FILENAME,FULLPATH,DIRECTORY,LASTMODIFIED,CHILD_ID) values ('c9e08ca1-ebd3-11e3-8c2e-d196cb143440','0','c9af1c0a-ebd3-11e3-8c2e-d196cb143440','.project','/pentaho-solutions/.project','0','1353938386000','c9af1c0a-ebd3-11e3-8c2e-d196cb143440');
Insert into HIBUSER.PRO_FILES (FILE_ID,REVISION,PARENT,FILENAME,FULLPATH,DIRECTORY,LASTMODIFIED,CHILD_ID) values ('c9deb7e0-ebd3-11e3-8c2e-d196cb143440','1','c9af1c0a-ebd3-11e3-8c2e-d196cb143440','tmp','/pentaho-solutions/tmp','1','1353938386000','c9af1c0a-ebd3-11e3-8c2e-d196cb143440');
Insert into HIBUSER.PRO_FILES (FILE_ID,REVISION,PARENT,FILENAME,FULLPATH,DIRECTORY,LASTMODIFIED,CHILD_ID) values ('0db3d0de-f87f-11e3-92c4-03f59b62e1bf','3','0668d972-f235-11e3-927e-6fedf3884718','yyyyy.wcdf','/pentaho-solutions/Analyse-Coupons/CDEDemos/yyyyy.wcdf','0','1403271033276','0668d972-f235-11e3-927e-6fedf3884718');
Insert into HIBUSER.PRO_FILES (FILE_ID,REVISION,PARENT,FILENAME,FULLPATH,DIRECTORY,LASTMODIFIED,CHILD_ID) values ('0ddfc2df-f87f-11e3-92c4-03f59b62e1bf','2','0668d972-f235-11e3-927e-6fedf3884718','yyyyy.cdfde','/pentaho-solutions/Analyse-Coupons/CDEDemos/yyyyy.cdfde','0','1403271032885','0668d972-f235-11e3-927e-6fedf3884718');
Insert into HIBUSER.PRO_FILES (FILE_ID,REVISION,PARENT,FILENAME,FULLPATH,DIRECTORY,LASTMODIFIED,CHILD_ID) values ('2534a0e1-f868-11e3-ba0b-23e56fd59e19','2','0668d972-f235-11e3-927e-6fedf3884718','uuuu.cdfde','/pentaho-solutions/Analyse-Coupons/CDEDemos/uuuu.cdfde','0','1403270621739','0668d972-f235-11e3-927e-6fedf3884718');
Insert into HIBUSER.PRO_FILES (FILE_ID,REVISION,PARENT,FILENAME,FULLPATH,DIRECTORY,LASTMODIFIED,CHILD_ID) values ('c9af1c0a-ebd3-11e3-8c2e-d196cb143440','38',null,'pentaho-solutions','/pentaho-solutions','1','1401868219115',null);
Insert into HIBUSER.PRO_FILES (FILE_ID,REVISION,PARENT,FILENAME,FULLPATH,DIRECTORY,LASTMODIFIED,CHILD_ID) values ('cbbe4dbd-ebd3-11e3-8c2e-d196cb143440','0','c9af1c0a-ebd3-11e3-8c2e-d196cb143440','url.png','/pentaho-solutions/url.png','0','1353938386000','c9af1c0a-ebd3-11e3-8c2e-d196cb143440');
Insert into HIBUSER.PRO_FILES (FILE_ID,REVISION,PARENT,FILENAME,FULLPATH,DIRECTORY,LASTMODIFIED,CHILD_ID) values ('cb6dbc4d-ebd3-11e3-8c2e-d196cb143440','0','c9af1c0a-ebd3-11e3-8c2e-d196cb143440','solutions.png','/pentaho-solutions/solutions.png','0','1353938386000','c9af1c0a-ebd3-11e3-8c2e-d196cb143440');
Insert into HIBUSER.PRO_FILES (FILE_ID,REVISION,PARENT,FILENAME,FULLPATH,DIRECTORY,LASTMODIFIED,CHILD_ID) values ('ca7c2ffd-ebd3-11e3-8c2e-d196cb143440','0','c9af1c0a-ebd3-11e3-8c2e-d196cb143440','index_zh_CN.properties','/pentaho-solutions/index_zh_CN.properties','0','1353938386000','c9af1c0a-ebd3-11e3-8c2e-d196cb143440');
Insert into HIBUSER.PRO_FILES (FILE_ID,REVISION,PARENT,FILENAME,FULLPATH,DIRECTORY,LASTMODIFIED,CHILD_ID) values ('ca7be1dc-ebd3-11e3-8c2e-d196cb143440','0','c9af1c0a-ebd3-11e3-8c2e-d196cb143440','index_nl.properties','/pentaho-solutions/index_nl.properties','0','1353938386000','c9af1c0a-ebd3-11e3-8c2e-d196cb143440');
Insert into HIBUSER.PRO_FILES (FILE_ID,REVISION,PARENT,FILENAME,FULLPATH,DIRECTORY,LASTMODIFIED,CHILD_ID) values ('ca7aa95b-ebd3-11e3-8c2e-d196cb143440','0','c9af1c0a-ebd3-11e3-8c2e-d196cb143440','index_ja.properties','/pentaho-solutions/index_ja.properties','0','1353938386000','c9af1c0a-ebd3-11e3-8c2e-d196cb143440');
Insert into HIBUSER.PRO_FILES (FILE_ID,REVISION,PARENT,FILENAME,FULLPATH,DIRECTORY,LASTMODIFIED,CHILD_ID) values ('ca7a824a-ebd3-11e3-8c2e-d196cb143440','0','c9af1c0a-ebd3-11e3-8c2e-d196cb143440','index_fr.properties','/pentaho-solutions/index_fr.properties','0','1353938386000','c9af1c0a-ebd3-11e3-8c2e-d196cb143440');
Insert into HIBUSER.PRO_FILES (FILE_ID,REVISION,PARENT,FILENAME,FULLPATH,DIRECTORY,LASTMODIFIED,CHILD_ID) values ('ca7a3429-ebd3-11e3-8c2e-d196cb143440','0','c9af1c0a-ebd3-11e3-8c2e-d196cb143440','index_es.properties','/pentaho-solutions/index_es.properties','0','1353938386000','c9af1c0a-ebd3-11e3-8c2e-d196cb143440');
Insert into HIBUSER.PRO_FILES (FILE_ID,REVISION,PARENT,FILENAME,FULLPATH,DIRECTORY,LASTMODIFIED,CHILD_ID) values ('9e7e53de-ed81-11e3-9181-65eceb037e31','1','9e73cc8d-ed81-11e3-9181-65eceb037e31','index.xml','/pentaho-solutions/cde/index.xml','0','1402062671701','9e73cc8d-ed81-11e3-9181-65eceb037e31');
Insert into HIBUSER.PRO_FILES (FILE_ID,REVISION,PARENT,FILENAME,FULLPATH,DIRECTORY,LASTMODIFIED,CHILD_ID) values ('9eef6531-ed81-11e3-9181-65eceb037e31','3','c9af1c0a-ebd3-11e3-8c2e-d196cb143440','cdf','/pentaho-solutions/cdf','1','1415263461639','c9af1c0a-ebd3-11e3-8c2e-d196cb143440');
Insert into HIBUSER.PRO_FILES (FILE_ID,REVISION,PARENT,FILENAME,FULLPATH,DIRECTORY,LASTMODIFIED,CHILD_ID) values ('9e73cc8d-ed81-11e3-9181-65eceb037e31','8','c9af1c0a-ebd3-11e3-8c2e-d196cb143440','cde','/pentaho-solutions/cde','1','1415263461568','c9af1c0a-ebd3-11e3-8c2e-d196cb143440');
Insert into HIBUSER.PRO_FILES (FILE_ID,REVISION,PARENT,FILENAME,FULLPATH,DIRECTORY,LASTMODIFIED,CHILD_ID) values ('9ef1af22-ed81-11e3-9181-65eceb037e31','1','9eef6531-ed81-11e3-9181-65eceb037e31','index.xml','/pentaho-solutions/cdf/index.xml','0','1402062672455','9eef6531-ed81-11e3-9181-65eceb037e31');
Insert into HIBUSER.PRO_FILES (FILE_ID,REVISION,PARENT,FILENAME,FULLPATH,DIRECTORY,LASTMODIFIED,CHILD_ID) values ('ca7970d8-ebd3-11e3-8c2e-d196cb143440','0','c9af1c0a-ebd3-11e3-8c2e-d196cb143440','index_de.properties','/pentaho-solutions/index_de.properties','0','1353938386000','c9af1c0a-ebd3-11e3-8c2e-d196cb143440');
Insert into HIBUSER.PRO_FILES (FILE_ID,REVISION,PARENT,FILENAME,FULLPATH,DIRECTORY,LASTMODIFIED,CHILD_ID) values ('ca7922b7-ebd3-11e3-8c2e-d196cb143440','0','c9af1c0a-ebd3-11e3-8c2e-d196cb143440','index.xml','/pentaho-solutions/index.xml','0','1353938386000','c9af1c0a-ebd3-11e3-8c2e-d196cb143440');
Insert into HIBUSER.PRO_FILES (FILE_ID,REVISION,PARENT,FILENAME,FULLPATH,DIRECTORY,LASTMODIFIED,CHILD_ID) values ('ca78d496-ebd3-11e3-8c2e-d196cb143440','0','c9af1c0a-ebd3-11e3-8c2e-d196cb143440','index.properties','/pentaho-solutions/index.properties','0','1353938386000','c9af1c0a-ebd3-11e3-8c2e-d196cb143440');
Insert into HIBUSER.PRO_FILES (FILE_ID,REVISION,PARENT,FILENAME,FULLPATH,DIRECTORY,LASTMODIFIED,CHILD_ID) values ('ca76ffd5-ebd3-11e3-8c2e-d196cb143440','0','c9af1c0a-ebd3-11e3-8c2e-d196cb143440','folder2.png','/pentaho-solutions/folder2.png','0','1353938386000','c9af1c0a-ebd3-11e3-8c2e-d196cb143440');
Insert into HIBUSER.PRO_FILES (FILE_ID,REVISION,PARENT,FILENAME,FULLPATH,DIRECTORY,LASTMODIFIED,CHILD_ID) values ('ca76ffd4-ebd3-11e3-8c2e-d196cb143440','0','c9af1c0a-ebd3-11e3-8c2e-d196cb143440','folder.png','/pentaho-solutions/folder.png','0','1353938386000','c9af1c0a-ebd3-11e3-8c2e-d196cb143440');
Insert into HIBUSER.PRO_FILES (FILE_ID,REVISION,PARENT,FILENAME,FULLPATH,DIRECTORY,LASTMODIFIED,CHILD_ID) values ('378814d0-efde-11e3-a4d4-89afc3a20457','3','9e73cc8d-ed81-11e3-9181-65eceb037e31','styles','/pentaho-solutions/cde/styles','1','1415263461554','9e73cc8d-ed81-11e3-9181-65eceb037e31');
Insert into HIBUSER.PRO_FILES (FILE_ID,REVISION,PARENT,FILENAME,FULLPATH,DIRECTORY,LASTMODIFIED,CHILD_ID) values ('378a5ec1-efde-11e3-a4d4-89afc3a20457','1','378814d0-efde-11e3-a4d4-89afc3a20457','index.xml','/pentaho-solutions/cde/styles/index.xml','0','1402322344496','378814d0-efde-11e3-a4d4-89afc3a20457');
Insert into HIBUSER.PRO_FILES (FILE_ID,REVISION,PARENT,FILENAME,FULLPATH,DIRECTORY,LASTMODIFIED,CHILD_ID) values ('378f67d2-efde-11e3-a4d4-89afc3a20457','3','9e73cc8d-ed81-11e3-9181-65eceb037e31','templates','/pentaho-solutions/cde/templates','1','1415263461561','9e73cc8d-ed81-11e3-9181-65eceb037e31');
Insert into HIBUSER.PRO_FILES (FILE_ID,REVISION,PARENT,FILENAME,FULLPATH,DIRECTORY,LASTMODIFIED,CHILD_ID) values ('37913c93-efde-11e3-a4d4-89afc3a20457','1','378f67d2-efde-11e3-a4d4-89afc3a20457','index.xml','/pentaho-solutions/cde/templates/index.xml','0','1402322344537','378f67d2-efde-11e3-a4d4-89afc3a20457');
Insert into HIBUSER.PRO_FILES (FILE_ID,REVISION,PARENT,FILENAME,FULLPATH,DIRECTORY,LASTMODIFIED,CHILD_ID) values ('37953434-efde-11e3-a4d4-89afc3a20457','7','9e73cc8d-ed81-11e3-9181-65eceb037e31','widgets','/pentaho-solutions/cde/widgets','1','1415263461614','9e73cc8d-ed81-11e3-9181-65eceb037e31');
Insert into HIBUSER.PRO_FILES (FILE_ID,REVISION,PARENT,FILENAME,FULLPATH,DIRECTORY,LASTMODIFIED,CHILD_ID) values ('37420b1e-efde-11e3-a4d4-89afc3a20457','3','9e73cc8d-ed81-11e3-9181-65eceb037e31','components','/pentaho-solutions/cde/components','1','1415263461532','9e73cc8d-ed81-11e3-9181-65eceb037e31');
Insert into HIBUSER.PRO_FILES (FILE_ID,REVISION,PARENT,FILENAME,FULLPATH,DIRECTORY,LASTMODIFIED,CHILD_ID) values ('3782486f-efde-11e3-a4d4-89afc3a20457','1','37420b1e-efde-11e3-a4d4-89afc3a20457','index.xml','/pentaho-solutions/cde/components/index.xml','0','1402322344444','37420b1e-efde-11e3-a4d4-89afc3a20457');
Insert into HIBUSER.PRO_FILES (FILE_ID,REVISION,PARENT,FILENAME,FULLPATH,DIRECTORY,LASTMODIFIED,CHILD_ID) values ('37973005-efde-11e3-a4d4-89afc3a20457','1','37953434-efde-11e3-a4d4-89afc3a20457','index.xml','/pentaho-solutions/cde/widgets/index.xml','0','1402322344576',null);
Insert into HIBUSER.PRO_FILES (FILE_ID,REVISION,PARENT,FILENAME,FULLPATH,DIRECTORY,LASTMODIFIED,CHILD_ID) values ('37a4eba6-efde-11e3-a4d4-89afc3a20457','1','37953434-efde-11e3-a4d4-89afc3a20457','sample.cdfde','/pentaho-solutions/cde/widgets/sample.cdfde','0','1402322344867','37953434-efde-11e3-a4d4-89afc3a20457');
Insert into HIBUSER.PRO_FILES (FILE_ID,REVISION,PARENT,FILENAME,FULLPATH,DIRECTORY,LASTMODIFIED,CHILD_ID) values ('37c719a7-efde-11e3-a4d4-89afc3a20457','1','37953434-efde-11e3-a4d4-89afc3a20457','sample.wcdf','/pentaho-solutions/cde/widgets/sample.wcdf','0','1402322344894',null);
Insert into HIBUSER.PRO_FILES (FILE_ID,REVISION,PARENT,FILENAME,FULLPATH,DIRECTORY,LASTMODIFIED,CHILD_ID) values ('37ce1e88-efde-11e3-a4d4-89afc3a20457','1','37953434-efde-11e3-a4d4-89afc3a20457','sample.cda','/pentaho-solutions/cde/widgets/sample.cda','0','1402322344937','37953434-efde-11e3-a4d4-89afc3a20457');
Insert into HIBUSER.PRO_FILES (FILE_ID,REVISION,PARENT,FILENAME,FULLPATH,DIRECTORY,LASTMODIFIED,CHILD_ID) values ('37d5e6b9-efde-11e3-a4d4-89afc3a20457','1','37953434-efde-11e3-a4d4-89afc3a20457','sample.component.xml','/pentaho-solutions/cde/widgets/sample.component.xml','0','1402322344988','37953434-efde-11e3-a4d4-89afc3a20457');
Insert into HIBUSER.PRO_FILES (FILE_ID,REVISION,PARENT,FILENAME,FULLPATH,DIRECTORY,LASTMODIFIED,CHILD_ID) values ('ca508bf6-ebd3-11e3-8c2e-d196cb143440','0','c9dc94b1-ebd3-11e3-8c2e-d196cb143440','rep_traf_rect_od_jo.cda','/pentaho-solutions/Analyse-Coupons/Tableaux de bord/rep_traf_rect_od_jo.cda','0','1399276657037','c9dc94b1-ebd3-11e3-8c2e-d196cb143440');
Insert into HIBUSER.PRO_FILES (FILE_ID,REVISION,PARENT,FILENAME,FULLPATH,DIRECTORY,LASTMODIFIED,CHILD_ID) values ('ca4eb735-ebd3-11e3-8c2e-d196cb143440','0','c9dc94b1-ebd3-11e3-8c2e-d196cb143440','Rep_traf_rect_nvol_od.wcdf','/pentaho-solutions/Analyse-Coupons/Tableaux de bord/Rep_traf_rect_nvol_od.wcdf','0','1401724293223','c9dc94b1-ebd3-11e3-8c2e-d196cb143440');
Insert into HIBUSER.PRO_FILES (FILE_ID,REVISION,PARENT,FILENAME,FULLPATH,DIRECTORY,LASTMODIFIED,CHILD_ID) values ('ca4e6914-ebd3-11e3-8c2e-d196cb143440','16','c9dc94b1-ebd3-11e3-8c2e-d196cb143440','Rep_traf_rect_nvol_od.cdfde','/pentaho-solutions/Analyse-Coupons/Tableaux de bord/Rep_traf_rect_nvol_od.cdfde','0','1415366039233','c9dc94b1-ebd3-11e3-8c2e-d196cb143440');
Insert into HIBUSER.PRO_FILES (FILE_ID,REVISION,PARENT,FILENAME,FULLPATH,DIRECTORY,LASTMODIFIED,CHILD_ID) values ('c9dc94b1-ebd3-11e3-8c2e-d196cb143440','8','c9dc6d9f-ebd3-11e3-8c2e-d196cb143440','Tableaux de bord','/pentaho-solutions/Analyse-Coupons/Tableaux de bord','1','1415263461275','c9dc6d9f-ebd3-11e3-8c2e-d196cb143440');
Insert into HIBUSER.PRO_FILES (FILE_ID,REVISION,PARENT,FILENAME,FULLPATH,DIRECTORY,LASTMODIFIED,CHILD_ID) values ('ca551fd7-ebd3-11e3-8c2e-d196cb143440','0','c9dc94b1-ebd3-11e3-8c2e-d196cb143440','rep_traf_rect_od_jo.cdfde','/pentaho-solutions/Analyse-Coupons/Tableaux de bord/rep_traf_rect_od_jo.cdfde','0','1399276656934','c9dc94b1-ebd3-11e3-8c2e-d196cb143440');
Insert into HIBUSER.PRO_FILES (FILE_ID,REVISION,PARENT,FILENAME,FULLPATH,DIRECTORY,LASTMODIFIED,CHILD_ID) values ('ca4d3093-ebd3-11e3-8c2e-d196cb143440','15','c9dc94b1-ebd3-11e3-8c2e-d196cb143440','Rep_traf_rect_nvol_od.cda','/pentaho-solutions/Analyse-Coupons/Tableaux de bord/Rep_traf_rect_nvol_od.cda','0','1415366039375','c9dc94b1-ebd3-11e3-8c2e-d196cb143440');
Insert into HIBUSER.PRO_FILES (FILE_ID,REVISION,PARENT,FILENAME,FULLPATH,DIRECTORY,LASTMODIFIED,CHILD_ID) values ('ca4a9882-ebd3-11e3-8c2e-d196cb143440','0','c9dc94b1-ebd3-11e3-8c2e-d196cb143440','Rep_traf_rect_axe_pvente.cdfde','/pentaho-solutions/Analyse-Coupons/Tableaux de bord/Rep_traf_rect_axe_pvente.cdfde','0','1399645447672','c9dc94b1-ebd3-11e3-8c2e-d196cb143440');
Insert into HIBUSER.PRO_FILES (FILE_ID,REVISION,PARENT,FILENAME,FULLPATH,DIRECTORY,LASTMODIFIED,CHILD_ID) values ('ca482781-ebd3-11e3-8c2e-d196cb143440','0','c9dc94b1-ebd3-11e3-8c2e-d196cb143440','Rep_traf_rect_axe_pvente.cda','/pentaho-solutions/Analyse-Coupons/Tableaux de bord/Rep_traf_rect_axe_pvente.cda','0','1399645447766','c9dc94b1-ebd3-11e3-8c2e-d196cb143440');
Insert into HIBUSER.PRO_FILES (FILE_ID,REVISION,PARENT,FILENAME,FULLPATH,DIRECTORY,LASTMODIFIED,CHILD_ID) values ('ca47d960-ebd3-11e3-8c2e-d196cb143440','0','c9dc94b1-ebd3-11e3-8c2e-d196cb143440','Rep_traf_rect_axe_od.cdfde','/pentaho-solutions/Analyse-Coupons/Tableaux de bord/Rep_traf_rect_axe_od.cdfde','0','1399372577812','c9dc94b1-ebd3-11e3-8c2e-d196cb143440');
Insert into HIBUSER.PRO_FILES (FILE_ID,REVISION,PARENT,FILENAME,FULLPATH,DIRECTORY,LASTMODIFIED,CHILD_ID) values ('ca462caf-ebd3-11e3-8c2e-d196cb143440','0','c9dc94b1-ebd3-11e3-8c2e-d196cb143440','Rep_traf_rect_axe_od.cda','/pentaho-solutions/Analyse-Coupons/Tableaux de bord/Rep_traf_rect_axe_od.cda','0','1399372577952','c9dc94b1-ebd3-11e3-8c2e-d196cb143440');
Insert into HIBUSER.PRO_FILES (FILE_ID,REVISION,PARENT,FILENAME,FULLPATH,DIRECTORY,LASTMODIFIED,CHILD_ID) values ('ca44a60e-ebd3-11e3-8c2e-d196cb143440','4','c9dc94b1-ebd3-11e3-8c2e-d196cb143440','Rep_traf_rect_axe_ctarif.wcdf','/pentaho-solutions/Analyse-Coupons/Tableaux de bord/Rep_traf_rect_axe_ctarif.wcdf','0','1402653262637','c9dc94b1-ebd3-11e3-8c2e-d196cb143440');
Insert into HIBUSER.PRO_FILES (FILE_ID,REVISION,PARENT,FILENAME,FULLPATH,DIRECTORY,LASTMODIFIED,CHILD_ID) values ('ca4457ed-ebd3-11e3-8c2e-d196cb143440','14','c9dc94b1-ebd3-11e3-8c2e-d196cb143440','Rep_traf_rect_axe_ctarif.cdfde','/pentaho-solutions/Analyse-Coupons/Tableaux de bord/Rep_traf_rect_axe_ctarif.cdfde','0','1415365563337','c9dc94b1-ebd3-11e3-8c2e-d196cb143440');
Insert into HIBUSER.PRO_FILES (FILE_ID,REVISION,PARENT,FILENAME,FULLPATH,DIRECTORY,LASTMODIFIED,CHILD_ID) values ('ca42aa3c-ebd3-11e3-8c2e-d196cb143440','14','c9dc94b1-ebd3-11e3-8c2e-d196cb143440','Rep_traf_rect_axe_ctarif.cda','/pentaho-solutions/Analyse-Coupons/Tableaux de bord/Rep_traf_rect_axe_ctarif.cda','0','1415365563480','c9dc94b1-ebd3-11e3-8c2e-d196cb143440');
Insert into HIBUSER.PRO_FILES (FILE_ID,REVISION,PARENT,FILENAME,FULLPATH,DIRECTORY,LASTMODIFIED,CHILD_ID) values ('ca3f4ed9-ebd3-11e3-8c2e-d196cb143440','12','c9dc94b1-ebd3-11e3-8c2e-d196cb143440','rep_traf_od_jo.cda','/pentaho-solutions/Analyse-Coupons/Tableaux de bord/rep_traf_od_jo.cda','0','1415366504684','c9dc94b1-ebd3-11e3-8c2e-d196cb143440');
Insert into HIBUSER.PRO_FILES (FILE_ID,REVISION,PARENT,FILENAME,FULLPATH,DIRECTORY,LASTMODIFIED,CHILD_ID) values ('ca3d04e8-ebd3-11e3-8c2e-d196cb143440','1','c9dc94b1-ebd3-11e3-8c2e-d196cb143440','Rep_traf_axe_pvente.wcdf','/pentaho-solutions/Analyse-Coupons/Tableaux de bord/Rep_traf_axe_pvente.wcdf','0','1402654767905','c9dc94b1-ebd3-11e3-8c2e-d196cb143440');
Insert into HIBUSER.PRO_FILES (FILE_ID,REVISION,PARENT,FILENAME,FULLPATH,DIRECTORY,LASTMODIFIED,CHILD_ID) values ('ca3cddd7-ebd3-11e3-8c2e-d196cb143440','12','c9dc94b1-ebd3-11e3-8c2e-d196cb143440','Rep_traf_axe_pvente.cdfde','/pentaho-solutions/Analyse-Coupons/Tableaux de bord/Rep_traf_axe_pvente.cdfde','0','1415366989721','c9dc94b1-ebd3-11e3-8c2e-d196cb143440');
Insert into HIBUSER.PRO_FILES (FILE_ID,REVISION,PARENT,FILENAME,FULLPATH,DIRECTORY,LASTMODIFIED,CHILD_ID) values ('ca40ae6a-ebd3-11e3-8c2e-d196cb143440','12','c9dc94b1-ebd3-11e3-8c2e-d196cb143440','rep_traf_od_jo.cdfde','/pentaho-solutions/Analyse-Coupons/Tableaux de bord/rep_traf_od_jo.cdfde','0','1415366504448','c9dc94b1-ebd3-11e3-8c2e-d196cb143440');
Insert into HIBUSER.PRO_FILES (FILE_ID,REVISION,PARENT,FILENAME,FULLPATH,DIRECTORY,LASTMODIFIED,CHILD_ID) values ('ca3ae206-ebd3-11e3-8c2e-d196cb143440','12','c9dc94b1-ebd3-11e3-8c2e-d196cb143440','Rep_traf_axe_pvente.cda','/pentaho-solutions/Analyse-Coupons/Tableaux de bord/Rep_traf_axe_pvente.cda','0','1415366989976','c9dc94b1-ebd3-11e3-8c2e-d196cb143440');
Insert into HIBUSER.PRO_FILES (FILE_ID,REVISION,PARENT,FILENAME,FULLPATH,DIRECTORY,LASTMODIFIED,CHILD_ID) values ('ca3abaf5-ebd3-11e3-8c2e-d196cb143440','0','c9dc94b1-ebd3-11e3-8c2e-d196cb143440','Rep_traf_axe_od.wcdf','/pentaho-solutions/Analyse-Coupons/Tableaux de bord/Rep_traf_axe_od.wcdf','0','1399644272766','c9dc94b1-ebd3-11e3-8c2e-d196cb143440');
Insert into HIBUSER.PRO_FILES (FILE_ID,REVISION,PARENT,FILENAME,FULLPATH,DIRECTORY,LASTMODIFIED,CHILD_ID) values ('ca3a93e4-ebd3-11e3-8c2e-d196cb143440','14','c9dc94b1-ebd3-11e3-8c2e-d196cb143440','Rep_traf_axe_od.cdfde','/pentaho-solutions/Analyse-Coupons/Tableaux de bord/Rep_traf_axe_od.cdfde','0','1415366889188','c9dc94b1-ebd3-11e3-8c2e-d196cb143440');
Insert into HIBUSER.PRO_FILES (FILE_ID,REVISION,PARENT,FILENAME,FULLPATH,DIRECTORY,LASTMODIFIED,CHILD_ID) values ('ca3822e3-ebd3-11e3-8c2e-d196cb143440','14','c9dc94b1-ebd3-11e3-8c2e-d196cb143440','Rep_traf_axe_od.cda','/pentaho-solutions/Analyse-Coupons/Tableaux de bord/Rep_traf_axe_od.cda','0','1415366889365','c9dc94b1-ebd3-11e3-8c2e-d196cb143440');
Insert into HIBUSER.PRO_FILES (FILE_ID,REVISION,PARENT,FILENAME,FULLPATH,DIRECTORY,LASTMODIFIED,CHILD_ID) values ('ca375f92-ebd3-11e3-8c2e-d196cb143440','0','c9dc94b1-ebd3-11e3-8c2e-d196cb143440','index.xml','/pentaho-solutions/Analyse-Coupons/Tableaux de bord/index.xml','0','1398164914740','c9dc94b1-ebd3-11e3-8c2e-d196cb143440');
Insert into HIBUSER.PRO_FILES (FILE_ID,REVISION,PARENT,FILENAME,FULLPATH,DIRECTORY,LASTMODIFIED,CHILD_ID) values ('ca36ea61-ebd3-11e3-8c2e-d196cb143440','0','c9dc94b1-ebd3-11e3-8c2e-d196cb143440','Evol_traf_rcmoy_od_mois.wcdf','/pentaho-solutions/Analyse-Coupons/Tableaux de bord/Evol_traf_rcmoy_od_mois.wcdf','0','1401723634760','c9dc94b1-ebd3-11e3-8c2e-d196cb143440');
Insert into HIBUSER.PRO_FILES (FILE_ID,REVISION,PARENT,FILENAME,FULLPATH,DIRECTORY,LASTMODIFIED,CHILD_ID) values ('ca369c40-ebd3-11e3-8c2e-d196cb143440','18','c9dc94b1-ebd3-11e3-8c2e-d196cb143440','Evol_traf_rcmoy_od_mois.cdfde','/pentaho-solutions/Analyse-Coupons/Tableaux de bord/Evol_traf_rcmoy_od_mois.cdfde','0','1415357818355','c9dc94b1-ebd3-11e3-8c2e-d196cb143440');
Insert into HIBUSER.PRO_FILES (FILE_ID,REVISION,PARENT,FILENAME,FULLPATH,DIRECTORY,LASTMODIFIED,CHILD_ID) values ('ca40fc8b-ebd3-11e3-8c2e-d196cb143440','0','c9dc94b1-ebd3-11e3-8c2e-d196cb143440','rep_traf_od_jo.wcdf','/pentaho-solutions/Analyse-Coupons/Tableaux de bord/rep_traf_od_jo.wcdf','0','1399642395599','c9dc94b1-ebd3-11e3-8c2e-d196cb143440');
Insert into HIBUSER.PRO_FILES (FILE_ID,REVISION,PARENT,FILENAME,FULLPATH,DIRECTORY,LASTMODIFIED,CHILD_ID) values ('ca34ee8f-ebd3-11e3-8c2e-d196cb143440','18','c9dc94b1-ebd3-11e3-8c2e-d196cb143440','Evol_traf_rcmoy_od_mois.cda','/pentaho-solutions/Analyse-Coupons/Tableaux de bord/Evol_traf_rcmoy_od_mois.cda','0','1415357818573','c9dc94b1-ebd3-11e3-8c2e-d196cb143440');
commit;
Insert into HIBUSER.PRO_FILES (FILE_ID,REVISION,PARENT,FILENAME,FULLPATH,DIRECTORY,LASTMODIFIED,CHILD_ID) values ('ca32567e-ebd3-11e3-8c2e-d196cb143440','0','c9dc94b1-ebd3-11e3-8c2e-d196cb143440','Evol_traf_od_semaine.wcdf','/pentaho-solutions/Analyse-Coupons/Tableaux de bord/Evol_traf_od_semaine.wcdf','0','1399633471034','c9dc94b1-ebd3-11e3-8c2e-d196cb143440');
Insert into HIBUSER.PRO_FILES (FILE_ID,REVISION,PARENT,FILENAME,FULLPATH,DIRECTORY,LASTMODIFIED,CHILD_ID) values ('ca322f6d-ebd3-11e3-8c2e-d196cb143440','47','c9dc94b1-ebd3-11e3-8c2e-d196cb143440','Evol_traf_od_semaine.cdfde','/pentaho-solutions/Analyse-Coupons/Tableaux de bord/Evol_traf_od_semaine.cdfde','0','1415365193362','c9dc94b1-ebd3-11e3-8c2e-d196cb143440');
Insert into HIBUSER.PRO_FILES (FILE_ID,REVISION,PARENT,FILENAME,FULLPATH,DIRECTORY,LASTMODIFIED,CHILD_ID) values ('ca305aac-ebd3-11e3-8c2e-d196cb143440','47','c9dc94b1-ebd3-11e3-8c2e-d196cb143440','Evol_traf_od_semaine.cda','/pentaho-solutions/Analyse-Coupons/Tableaux de bord/Evol_traf_od_semaine.cda','0','1415365193603','c9dc94b1-ebd3-11e3-8c2e-d196cb143440');
Insert into HIBUSER.PRO_FILES (FILE_ID,REVISION,PARENT,FILENAME,FULLPATH,DIRECTORY,LASTMODIFIED,CHILD_ID) values ('ca2de9ab-ebd3-11e3-8c2e-d196cb143440','0','c9dc94b1-ebd3-11e3-8c2e-d196cb143440','Evol_traf_od_mois.cdfde','/pentaho-solutions/Analyse-Coupons/Tableaux de bord/Evol_traf_od_mois.cdfde','0','1399653475598','c9dc94b1-ebd3-11e3-8c2e-d196cb143440');
Insert into HIBUSER.PRO_FILES (FILE_ID,REVISION,PARENT,FILENAME,FULLPATH,DIRECTORY,LASTMODIFIED,CHILD_ID) values ('ca2b9fba-ebd3-11e3-8c2e-d196cb143440','0','c9dc94b1-ebd3-11e3-8c2e-d196cb143440','Evol_traf_od_mois.cda','/pentaho-solutions/Analyse-Coupons/Tableaux de bord/Evol_traf_od_mois.cda','0','1399653475681','c9dc94b1-ebd3-11e3-8c2e-d196cb143440');
Insert into HIBUSER.PRO_FILES (FILE_ID,REVISION,PARENT,FILENAME,FULLPATH,DIRECTORY,LASTMODIFIED,CHILD_ID) values ('ca27f638-ebd3-11e3-8c2e-d196cb143440','0','c9dc94b1-ebd3-11e3-8c2e-d196cb143440','Evol_pax_rect_axe_sem.cda','/pentaho-solutions/Analyse-Coupons/Tableaux de bord/Evol_pax_rect_axe_sem.cda','0','1399633033389','c9dc94b1-ebd3-11e3-8c2e-d196cb143440');
Insert into HIBUSER.PRO_FILES (FILE_ID,REVISION,PARENT,FILENAME,FULLPATH,DIRECTORY,LASTMODIFIED,CHILD_ID) values ('ca25d357-ebd3-11e3-8c2e-d196cb143440','0','c9dc94b1-ebd3-11e3-8c2e-d196cb143440','Evol_pax_rect_6lib.cdfde','/pentaho-solutions/Analyse-Coupons/Tableaux de bord/Evol_pax_rect_6lib.cdfde','0','1399632047517','c9dc94b1-ebd3-11e3-8c2e-d196cb143440');
Insert into HIBUSER.PRO_FILES (FILE_ID,REVISION,PARENT,FILENAME,FULLPATH,DIRECTORY,LASTMODIFIED,CHILD_ID) values ('ca2a1919-ebd3-11e3-8c2e-d196cb143440','0','c9dc94b1-ebd3-11e3-8c2e-d196cb143440','Evol_pax_rect_axe_sem.cdfde','/pentaho-solutions/Analyse-Coupons/Tableaux de bord/Evol_pax_rect_axe_sem.cdfde','0','1399633033303','c9dc94b1-ebd3-11e3-8c2e-d196cb143440');
Insert into HIBUSER.PRO_FILES (FILE_ID,REVISION,PARENT,FILENAME,FULLPATH,DIRECTORY,LASTMODIFIED,CHILD_ID) values ('ca23b076-ebd3-11e3-8c2e-d196cb143440','0','c9dc94b1-ebd3-11e3-8c2e-d196cb143440','Evol_pax_rect_6lib.cda','/pentaho-solutions/Analyse-Coupons/Tableaux de bord/Evol_pax_rect_6lib.cda','0','1399632047601','c9dc94b1-ebd3-11e3-8c2e-d196cb143440');
Insert into HIBUSER.PRO_FILES (FILE_ID,REVISION,PARENT,FILENAME,FULLPATH,DIRECTORY,LASTMODIFIED,CHILD_ID) values ('ca21b4a5-ebd3-11e3-8c2e-d196cb143440','0','c9dc94b1-ebd3-11e3-8c2e-d196cb143440','dashboard-semaine.cdfde','/pentaho-solutions/Analyse-Coupons/Tableaux de bord/dashboard-semaine.cdfde','0','1398961945613','c9dc94b1-ebd3-11e3-8c2e-d196cb143440');
Insert into HIBUSER.PRO_FILES (FILE_ID,REVISION,PARENT,FILENAME,FULLPATH,DIRECTORY,LASTMODIFIED,CHILD_ID) values ('ca1ef584-ebd3-11e3-8c2e-d196cb143440','0','c9dc94b1-ebd3-11e3-8c2e-d196cb143440','dashboard-semaine.cda','/pentaho-solutions/Analyse-Coupons/Tableaux de bord/dashboard-semaine.cda','0','1398961945677','c9dc94b1-ebd3-11e3-8c2e-d196cb143440');
Insert into HIBUSER.PRO_FILES (FILE_ID,REVISION,PARENT,FILENAME,FULLPATH,DIRECTORY,LASTMODIFIED,CHILD_ID) values ('ca1ea763-ebd3-11e3-8c2e-d196cb143440','0','c9dc94b1-ebd3-11e3-8c2e-d196cb143440','dash-OD-pvente_tmp.cdfde','/pentaho-solutions/Analyse-Coupons/Tableaux de bord/dash-OD-pvente_tmp.cdfde','0','1399278198746','c9dc94b1-ebd3-11e3-8c2e-d196cb143440');
Insert into HIBUSER.PRO_FILES (FILE_ID,REVISION,PARENT,FILENAME,FULLPATH,DIRECTORY,LASTMODIFIED,CHILD_ID) values ('ca1c0f52-ebd3-11e3-8c2e-d196cb143440','0','c9dc94b1-ebd3-11e3-8c2e-d196cb143440','dash-OD-pvente_tmp.cda','/pentaho-solutions/Analyse-Coupons/Tableaux de bord/dash-OD-pvente_tmp.cda','0','1399278198841','c9dc94b1-ebd3-11e3-8c2e-d196cb143440');
Insert into HIBUSER.PRO_FILES (FILE_ID,REVISION,PARENT,FILENAME,FULLPATH,DIRECTORY,LASTMODIFIED,CHILD_ID) values ('ca1a3a91-ebd3-11e3-8c2e-d196cb143440','0','c9dc94b1-ebd3-11e3-8c2e-d196cb143440','dash-OD-classtarif_tmp.cdfde','/pentaho-solutions/Analyse-Coupons/Tableaux de bord/dash-OD-classtarif_tmp.cdfde','0','1399277640489','c9dc94b1-ebd3-11e3-8c2e-d196cb143440');
Insert into HIBUSER.PRO_FILES (FILE_ID,REVISION,PARENT,FILENAME,FULLPATH,DIRECTORY,LASTMODIFIED,CHILD_ID) values ('c9feea31-ebd3-11e3-8c2e-d196cb143440','0','c9dc468b-ebd3-11e3-8c2e-d196cb143440','index.properties','/pentaho-solutions/admin/index.properties','0','1353938386000','c9dc468b-ebd3-11e3-8c2e-d196cb143440');
Insert into HIBUSER.PRO_FILES (FILE_ID,REVISION,PARENT,FILENAME,FULLPATH,DIRECTORY,LASTMODIFIED,CHILD_ID) values ('c9fec320-ebd3-11e3-8c2e-d196cb143440','0','c9dc468b-ebd3-11e3-8c2e-d196cb143440','generic_admin.png','/pentaho-solutions/admin/generic_admin.png','0','1353938386000','c9dc468b-ebd3-11e3-8c2e-d196cb143440');
Insert into HIBUSER.PRO_FILES (FILE_ID,REVISION,PARENT,FILENAME,FULLPATH,DIRECTORY,LASTMODIFIED,CHILD_ID) values ('c9fe74ff-ebd3-11e3-8c2e-d196cb143440','0','c9dc468b-ebd3-11e3-8c2e-d196cb143440','folder2.png','/pentaho-solutions/admin/folder2.png','0','1353938386000','c9dc468b-ebd3-11e3-8c2e-d196cb143440');
Insert into HIBUSER.PRO_FILES (FILE_ID,REVISION,PARENT,FILENAME,FULLPATH,DIRECTORY,LASTMODIFIED,CHILD_ID) values ('c9fdffce-ebd3-11e3-8c2e-d196cb143440','0','c9dc468b-ebd3-11e3-8c2e-d196cb143440','folder.png','/pentaho-solutions/admin/folder.png','0','1353938386000','c9dc468b-ebd3-11e3-8c2e-d196cb143440');
Insert into HIBUSER.PRO_FILES (FILE_ID,REVISION,PARENT,FILENAME,FULLPATH,DIRECTORY,LASTMODIFIED,CHILD_ID) values ('c9fdd8bd-ebd3-11e3-8c2e-d196cb143440','0','c9dc468b-ebd3-11e3-8c2e-d196cb143440','file.png','/pentaho-solutions/admin/file.png','0','1353938386000','c9dc468b-ebd3-11e3-8c2e-d196cb143440');
Insert into HIBUSER.PRO_FILES (FILE_ID,REVISION,PARENT,FILENAME,FULLPATH,DIRECTORY,LASTMODIFIED,CHILD_ID) values ('ca17c990-ebd3-11e3-8c2e-d196cb143440','0','c9dc94b1-ebd3-11e3-8c2e-d196cb143440','dash-OD-classtarif_tmp.cda','/pentaho-solutions/Analyse-Coupons/Tableaux de bord/dash-OD-classtarif_tmp.cda','0','1399277640569','c9dc94b1-ebd3-11e3-8c2e-d196cb143440');
Insert into HIBUSER.PRO_FILES (FILE_ID,REVISION,PARENT,FILENAME,FULLPATH,DIRECTORY,LASTMODIFIED,CHILD_ID) values ('c9dc468b-ebd3-11e3-8c2e-d196cb143440','2','c9af1c0a-ebd3-11e3-8c2e-d196cb143440','admin','/pentaho-solutions/admin','1','1415263459555','c9af1c0a-ebd3-11e3-8c2e-d196cb143440');
Insert into HIBUSER.PRO_FILES (FILE_ID,REVISION,PARENT,FILENAME,FULLPATH,DIRECTORY,LASTMODIFIED,CHILD_ID) values ('ca14953c-ebd3-11e3-8c2e-d196cb143440','0','c9dc468b-ebd3-11e3-8c2e-d196cb143440','SubscriptionAdmin_ja.properties','/pentaho-solutions/admin/SubscriptionAdmin_ja.properties','0','1353938386000','c9dc468b-ebd3-11e3-8c2e-d196cb143440');
Insert into HIBUSER.PRO_FILES (FILE_ID,REVISION,PARENT,FILENAME,FULLPATH,DIRECTORY,LASTMODIFIED,CHILD_ID) values ('ca14471b-ebd3-11e3-8c2e-d196cb143440','0','c9dc468b-ebd3-11e3-8c2e-d196cb143440','SubscriptionAdmin.url','/pentaho-solutions/admin/SubscriptionAdmin.url','0','1353938386000','c9dc468b-ebd3-11e3-8c2e-d196cb143440');
Insert into HIBUSER.PRO_FILES (FILE_ID,REVISION,PARENT,FILENAME,FULLPATH,DIRECTORY,LASTMODIFIED,CHILD_ID) values ('ca13d1ea-ebd3-11e3-8c2e-d196cb143440','0','c9dc468b-ebd3-11e3-8c2e-d196cb143440','SubscriptionAdmin.properties','/pentaho-solutions/admin/SubscriptionAdmin.properties','0','1353938386000','c9dc468b-ebd3-11e3-8c2e-d196cb143440');
Insert into HIBUSER.PRO_FILES (FILE_ID,REVISION,PARENT,FILENAME,FULLPATH,DIRECTORY,LASTMODIFIED,CHILD_ID) values ('ca130e99-ebd3-11e3-8c2e-d196cb143440','0','c9dc468b-ebd3-11e3-8c2e-d196cb143440','SchedulerAdmin_zh_CN.properties','/pentaho-solutions/admin/SchedulerAdmin_zh_CN.properties','0','1353938386000','c9dc468b-ebd3-11e3-8c2e-d196cb143440');
Insert into HIBUSER.PRO_FILES (FILE_ID,REVISION,PARENT,FILENAME,FULLPATH,DIRECTORY,LASTMODIFIED,CHILD_ID) values ('ca081203-ebd3-11e3-8c2e-d196cb143440','0','c9dc468b-ebd3-11e3-8c2e-d196cb143440','Publish.properties','/pentaho-solutions/admin/Publish.properties','0','1353938386000','c9dc468b-ebd3-11e3-8c2e-d196cb143440');
Insert into HIBUSER.PRO_FILES (FILE_ID,REVISION,PARENT,FILENAME,FULLPATH,DIRECTORY,LASTMODIFIED,CHILD_ID) values ('ca07eaf2-ebd3-11e3-8c2e-d196cb143440','0','c9dc468b-ebd3-11e3-8c2e-d196cb143440','PropertyEditor_ja.properties','/pentaho-solutions/admin/PropertyEditor_ja.properties','0','1353938386000','c9dc468b-ebd3-11e3-8c2e-d196cb143440');
Insert into HIBUSER.PRO_FILES (FILE_ID,REVISION,PARENT,FILENAME,FULLPATH,DIRECTORY,LASTMODIFIED,CHILD_ID) values ('ca07c3e1-ebd3-11e3-8c2e-d196cb143440','0','c9dc468b-ebd3-11e3-8c2e-d196cb143440','PropertyEditor.url','/pentaho-solutions/admin/PropertyEditor.url','0','1353938386000','c9dc468b-ebd3-11e3-8c2e-d196cb143440');
Insert into HIBUSER.PRO_FILES (FILE_ID,REVISION,PARENT,FILENAME,FULLPATH,DIRECTORY,LASTMODIFIED,CHILD_ID) values ('ca079cd0-ebd3-11e3-8c2e-d196cb143440','0','c9dc468b-ebd3-11e3-8c2e-d196cb143440','PropertyEditor.properties','/pentaho-solutions/admin/PropertyEditor.properties','0','1353938386000','c9dc468b-ebd3-11e3-8c2e-d196cb143440');
Insert into HIBUSER.PRO_FILES (FILE_ID,REVISION,PARENT,FILENAME,FULLPATH,DIRECTORY,LASTMODIFIED,CHILD_ID) values ('ca0775bf-ebd3-11e3-8c2e-d196cb143440','0','c9dc468b-ebd3-11e3-8c2e-d196cb143440','PentahoNetwork_ja.properties','/pentaho-solutions/admin/PentahoNetwork_ja.properties','0','1353938386000','c9dc468b-ebd3-11e3-8c2e-d196cb143440');
Insert into HIBUSER.PRO_FILES (FILE_ID,REVISION,PARENT,FILENAME,FULLPATH,DIRECTORY,LASTMODIFIED,CHILD_ID) values ('ca05c80e-ebd3-11e3-8c2e-d196cb143440','0','c9dc468b-ebd3-11e3-8c2e-d196cb143440','PentahoNetworkParameterized.xaction','/pentaho-solutions/admin/PentahoNetworkParameterized.xaction','0','1353938386000','c9dc468b-ebd3-11e3-8c2e-d196cb143440');
Insert into HIBUSER.PRO_FILES (FILE_ID,REVISION,PARENT,FILENAME,FULLPATH,DIRECTORY,LASTMODIFIED,CHILD_ID) values ('ca0552dd-ebd3-11e3-8c2e-d196cb143440','0','c9dc468b-ebd3-11e3-8c2e-d196cb143440','PentahoNetworkParameterized.properties','/pentaho-solutions/admin/PentahoNetworkParameterized.properties','0','1353938386000','c9dc468b-ebd3-11e3-8c2e-d196cb143440');
Insert into HIBUSER.PRO_FILES (FILE_ID,REVISION,PARENT,FILENAME,FULLPATH,DIRECTORY,LASTMODIFIED,CHILD_ID) values ('ca04687c-ebd3-11e3-8c2e-d196cb143440','0','c9dc468b-ebd3-11e3-8c2e-d196cb143440','PentahoNetwork.xml','/pentaho-solutions/admin/PentahoNetwork.xml','0','1353938386000','c9dc468b-ebd3-11e3-8c2e-d196cb143440');
Insert into HIBUSER.PRO_FILES (FILE_ID,REVISION,PARENT,FILENAME,FULLPATH,DIRECTORY,LASTMODIFIED,CHILD_ID) values ('c9eff601-ebd3-11e3-8c2e-d196cb143440','0','c9dc468b-ebd3-11e3-8c2e-d196cb143440','clear_mondrian_schema_cache_ja.properties','/pentaho-solutions/admin/clear_mondrian_schema_cache_ja.properties','0','1353938386000','c9dc468b-ebd3-11e3-8c2e-d196cb143440');
Insert into HIBUSER.PRO_FILES (FILE_ID,REVISION,PARENT,FILENAME,FULLPATH,DIRECTORY,LASTMODIFIED,CHILD_ID) values ('c9ef80d0-ebd3-11e3-8c2e-d196cb143440','0','c9dc468b-ebd3-11e3-8c2e-d196cb143440','clear_mondrian_schema_cache.xaction','/pentaho-solutions/admin/clear_mondrian_schema_cache.xaction','0','1353938386000','c9dc468b-ebd3-11e3-8c2e-d196cb143440');
Insert into HIBUSER.PRO_FILES (FILE_ID,REVISION,PARENT,FILENAME,FULLPATH,DIRECTORY,LASTMODIFIED,CHILD_ID) values ('c9ef32af-ebd3-11e3-8c2e-d196cb143440','0','c9dc468b-ebd3-11e3-8c2e-d196cb143440','clear_mondrian_schema_cache.properties','/pentaho-solutions/admin/clear_mondrian_schema_cache.properties','0','1353938386000','c9dc468b-ebd3-11e3-8c2e-d196cb143440');
Insert into HIBUSER.PRO_FILES (FILE_ID,REVISION,PARENT,FILENAME,FULLPATH,DIRECTORY,LASTMODIFIED,CHILD_ID) values ('c9ed5dee-ebd3-11e3-8c2e-d196cb143440','0','c9dc468b-ebd3-11e3-8c2e-d196cb143440','clean_repository_ja.properties','/pentaho-solutions/admin/clean_repository_ja.properties','0','1353938386000','c9dc468b-ebd3-11e3-8c2e-d196cb143440');
Insert into HIBUSER.PRO_FILES (FILE_ID,REVISION,PARENT,FILENAME,FULLPATH,DIRECTORY,LASTMODIFIED,CHILD_ID) values ('c9ed36dd-ebd3-11e3-8c2e-d196cb143440','0','c9dc468b-ebd3-11e3-8c2e-d196cb143440','clean_repository_de.properties','/pentaho-solutions/admin/clean_repository_de.properties','0','1353938386000','c9dc468b-ebd3-11e3-8c2e-d196cb143440');
Insert into HIBUSER.PRO_FILES (FILE_ID,REVISION,PARENT,FILENAME,FULLPATH,DIRECTORY,LASTMODIFIED,CHILD_ID) values ('c9ed0fcc-ebd3-11e3-8c2e-d196cb143440','0','c9dc468b-ebd3-11e3-8c2e-d196cb143440','clean_repository.xaction','/pentaho-solutions/admin/clean_repository.xaction','0','1353938386000','c9dc468b-ebd3-11e3-8c2e-d196cb143440');
Insert into HIBUSER.PRO_FILES (FILE_ID,REVISION,PARENT,FILENAME,FULLPATH,DIRECTORY,LASTMODIFIED,CHILD_ID) values ('ca12c078-ebd3-11e3-8c2e-d196cb143440','0','c9dc468b-ebd3-11e3-8c2e-d196cb143440','SchedulerAdmin_nl.properties','/pentaho-solutions/admin/SchedulerAdmin_nl.properties','0','1353938386000','c9dc468b-ebd3-11e3-8c2e-d196cb143440');
Insert into HIBUSER.PRO_FILES (FILE_ID,REVISION,PARENT,FILENAME,FULLPATH,DIRECTORY,LASTMODIFIED,CHILD_ID) values ('ca11af07-ebd3-11e3-8c2e-d196cb143440','0','c9dc468b-ebd3-11e3-8c2e-d196cb143440','SchedulerAdmin_ja.properties','/pentaho-solutions/admin/SchedulerAdmin_ja.properties','0','1353938386000','c9dc468b-ebd3-11e3-8c2e-d196cb143440');
Insert into HIBUSER.PRO_FILES (FILE_ID,REVISION,PARENT,FILENAME,FULLPATH,DIRECTORY,LASTMODIFIED,CHILD_ID) values ('ca1160e6-ebd3-11e3-8c2e-d196cb143440','0','c9dc468b-ebd3-11e3-8c2e-d196cb143440','SchedulerAdmin_fr.properties','/pentaho-solutions/admin/SchedulerAdmin_fr.properties','0','1353938386000','c9dc468b-ebd3-11e3-8c2e-d196cb143440');
Insert into HIBUSER.PRO_FILES (FILE_ID,REVISION,PARENT,FILENAME,FULLPATH,DIRECTORY,LASTMODIFIED,CHILD_ID) values ('ca1112c5-ebd3-11e3-8c2e-d196cb143440','0','c9dc468b-ebd3-11e3-8c2e-d196cb143440','SchedulerAdmin_es.properties','/pentaho-solutions/admin/SchedulerAdmin_es.properties','0','1353938386000','c9dc468b-ebd3-11e3-8c2e-d196cb143440');
Insert into HIBUSER.PRO_FILES (FILE_ID,REVISION,PARENT,FILENAME,FULLPATH,DIRECTORY,LASTMODIFIED,CHILD_ID) values ('ca109d94-ebd3-11e3-8c2e-d196cb143440','0','c9dc468b-ebd3-11e3-8c2e-d196cb143440','SchedulerAdmin_de.properties','/pentaho-solutions/admin/SchedulerAdmin_de.properties','0','1353938386000','c9dc468b-ebd3-11e3-8c2e-d196cb143440');
Insert into HIBUSER.PRO_FILES (FILE_ID,REVISION,PARENT,FILENAME,FULLPATH,DIRECTORY,LASTMODIFIED,CHILD_ID) values ('ca107683-ebd3-11e3-8c2e-d196cb143440','0','c9dc468b-ebd3-11e3-8c2e-d196cb143440','SchedulerAdmin.url','/pentaho-solutions/admin/SchedulerAdmin.url','0','1353938386000','c9dc468b-ebd3-11e3-8c2e-d196cb143440');
Insert into HIBUSER.PRO_FILES (FILE_ID,REVISION,PARENT,FILENAME,FULLPATH,DIRECTORY,LASTMODIFIED,CHILD_ID) values ('ca104f72-ebd3-11e3-8c2e-d196cb143440','0','c9dc468b-ebd3-11e3-8c2e-d196cb143440','SchedulerAdmin.properties','/pentaho-solutions/admin/SchedulerAdmin.properties','0','1353938386000','c9dc468b-ebd3-11e3-8c2e-d196cb143440');
Insert into HIBUSER.PRO_FILES (FILE_ID,REVISION,PARENT,FILENAME,FULLPATH,DIRECTORY,LASTMODIFIED,CHILD_ID) values ('ca03f34b-ebd3-11e3-8c2e-d196cb143440','0','c9dc468b-ebd3-11e3-8c2e-d196cb143440','PentahoNetwork.xaction','/pentaho-solutions/admin/PentahoNetwork.xaction','0','1353938386000','c9dc468b-ebd3-11e3-8c2e-d196cb143440');
Insert into HIBUSER.PRO_FILES (FILE_ID,REVISION,PARENT,FILENAME,FULLPATH,DIRECTORY,LASTMODIFIED,CHILD_ID) values ('ca026caa-ebd3-11e3-8c2e-d196cb143440','0','c9dc468b-ebd3-11e3-8c2e-d196cb143440','PentahoNetwork.properties','/pentaho-solutions/admin/PentahoNetwork.properties','0','1353938386000','c9dc468b-ebd3-11e3-8c2e-d196cb143440');
Insert into HIBUSER.PRO_FILES (FILE_ID,REVISION,PARENT,FILENAME,FULLPATH,DIRECTORY,LASTMODIFIED,CHILD_ID) values ('ca024599-ebd3-11e3-8c2e-d196cb143440','0','c9dc468b-ebd3-11e3-8c2e-d196cb143440','pentahonetwork.png','/pentaho-solutions/admin/pentahonetwork.png','0','1353938386000','c9dc468b-ebd3-11e3-8c2e-d196cb143440');
Insert into HIBUSER.PRO_FILES (FILE_ID,REVISION,PARENT,FILENAME,FULLPATH,DIRECTORY,LASTMODIFIED,CHILD_ID) values ('c9eb621b-ebd3-11e3-8c2e-d196cb143440','0','c9dc468b-ebd3-11e3-8c2e-d196cb143440','clean_repository.properties','/pentaho-solutions/admin/clean_repository.properties','0','1353938386000','c9dc468b-ebd3-11e3-8c2e-d196cb143440');
Insert into HIBUSER.PRO_FILES (FILE_ID,REVISION,PARENT,FILENAME,FULLPATH,DIRECTORY,LASTMODIFIED,CHILD_ID) values ('c9eb13fa-ebd3-11e3-8c2e-d196cb143440','0','c9dc468b-ebd3-11e3-8c2e-d196cb143440','btn_systemsettings.png','/pentaho-solutions/admin/btn_systemsettings.png','0','1353938386000','c9dc468b-ebd3-11e3-8c2e-d196cb143440');
Insert into HIBUSER.PRO_FILES (FILE_ID,REVISION,PARENT,FILENAME,FULLPATH,DIRECTORY,LASTMODIFIED,CHILD_ID) values ('c9ea50a9-ebd3-11e3-8c2e-d196cb143440','0','c9dc468b-ebd3-11e3-8c2e-d196cb143440','btn_subscriptions.png','/pentaho-solutions/admin/btn_subscriptions.png','0','1353938386000','c9dc468b-ebd3-11e3-8c2e-d196cb143440');
Insert into HIBUSER.PRO_FILES (FILE_ID,REVISION,PARENT,FILENAME,FULLPATH,DIRECTORY,LASTMODIFIED,CHILD_ID) values ('c9e52088-ebd3-11e3-8c2e-d196cb143440','0','c9dc468b-ebd3-11e3-8c2e-d196cb143440','btn_reset_repository.png','/pentaho-solutions/admin/btn_reset_repository.png','0','1353938386000','c9dc468b-ebd3-11e3-8c2e-d196cb143440');
Insert into HIBUSER.PRO_FILES (FILE_ID,REVISION,PARENT,FILENAME,FULLPATH,DIRECTORY,LASTMODIFIED,CHILD_ID) values ('c9e4f977-ebd3-11e3-8c2e-d196cb143440','0','c9dc468b-ebd3-11e3-8c2e-d196cb143440','btn_loadrepository.png','/pentaho-solutions/admin/btn_loadrepository.png','0','1353938386000','c9dc468b-ebd3-11e3-8c2e-d196cb143440');
Insert into HIBUSER.PRO_FILES (FILE_ID,REVISION,PARENT,FILENAME,FULLPATH,DIRECTORY,LASTMODIFIED,CHILD_ID) values ('ca0f3e01-ebd3-11e3-8c2e-d196cb143440','0','c9dc468b-ebd3-11e3-8c2e-d196cb143440','ScheduleAdmin.png','/pentaho-solutions/admin/ScheduleAdmin.png','0','1353938386000','c9dc468b-ebd3-11e3-8c2e-d196cb143440');
Insert into HIBUSER.PRO_FILES (FILE_ID,REVISION,PARENT,FILENAME,FULLPATH,DIRECTORY,LASTMODIFIED,CHILD_ID) values ('ca0f16f0-ebd3-11e3-8c2e-d196cb143440','0','c9dc468b-ebd3-11e3-8c2e-d196cb143440','schedule-clean_ja.properties','/pentaho-solutions/admin/schedule-clean_ja.properties','0','1353938386000','c9dc468b-ebd3-11e3-8c2e-d196cb143440');
Insert into HIBUSER.PRO_FILES (FILE_ID,REVISION,PARENT,FILENAME,FULLPATH,DIRECTORY,LASTMODIFIED,CHILD_ID) values ('ca0e539f-ebd3-11e3-8c2e-d196cb143440','0','c9dc468b-ebd3-11e3-8c2e-d196cb143440','schedule-clean_de.properties','/pentaho-solutions/admin/schedule-clean_de.properties','0','1353938386000','c9dc468b-ebd3-11e3-8c2e-d196cb143440');
Insert into HIBUSER.PRO_FILES (FILE_ID,REVISION,PARENT,FILENAME,FULLPATH,DIRECTORY,LASTMODIFIED,CHILD_ID) values ('ca0dde6e-ebd3-11e3-8c2e-d196cb143440','0','c9dc468b-ebd3-11e3-8c2e-d196cb143440','schedule-clean.xaction','/pentaho-solutions/admin/schedule-clean.xaction','0','1353938386000','c9dc468b-ebd3-11e3-8c2e-d196cb143440');
Insert into HIBUSER.PRO_FILES (FILE_ID,REVISION,PARENT,FILENAME,FULLPATH,DIRECTORY,LASTMODIFIED,CHILD_ID) values ('ca0d904d-ebd3-11e3-8c2e-d196cb143440','0','c9dc468b-ebd3-11e3-8c2e-d196cb143440','schedule-clean.properties','/pentaho-solutions/admin/schedule-clean.properties','0','1353938386000','c9dc468b-ebd3-11e3-8c2e-d196cb143440');
Insert into HIBUSER.PRO_FILES (FILE_ID,REVISION,PARENT,FILENAME,FULLPATH,DIRECTORY,LASTMODIFIED,CHILD_ID) values ('ca01f778-ebd3-11e3-8c2e-d196cb143440','0','c9dc468b-ebd3-11e3-8c2e-d196cb143440','index_zh_CN.properties','/pentaho-solutions/admin/index_zh_CN.properties','0','1353938386000','c9dc468b-ebd3-11e3-8c2e-d196cb143440');
Insert into HIBUSER.PRO_FILES (FILE_ID,REVISION,PARENT,FILENAME,FULLPATH,DIRECTORY,LASTMODIFIED,CHILD_ID) values ('ca00e607-ebd3-11e3-8c2e-d196cb143440','0','c9dc468b-ebd3-11e3-8c2e-d196cb143440','index_nl.properties','/pentaho-solutions/admin/index_nl.properties','0','1353938386000','c9dc468b-ebd3-11e3-8c2e-d196cb143440');
Insert into HIBUSER.PRO_FILES (FILE_ID,REVISION,PARENT,FILENAME,FULLPATH,DIRECTORY,LASTMODIFIED,CHILD_ID) values ('ca0097e6-ebd3-11e3-8c2e-d196cb143440','0','c9dc468b-ebd3-11e3-8c2e-d196cb143440','index_ja.properties','/pentaho-solutions/admin/index_ja.properties','0','1353938386000','c9dc468b-ebd3-11e3-8c2e-d196cb143440');
Insert into HIBUSER.PRO_FILES (FILE_ID,REVISION,PARENT,FILENAME,FULLPATH,DIRECTORY,LASTMODIFIED,CHILD_ID) values ('c9ff8675-ebd3-11e3-8c2e-d196cb143440','0','c9dc468b-ebd3-11e3-8c2e-d196cb143440','index_fr.properties','/pentaho-solutions/admin/index_fr.properties','0','1353938386000','c9dc468b-ebd3-11e3-8c2e-d196cb143440');
Insert into HIBUSER.PRO_FILES (FILE_ID,REVISION,PARENT,FILENAME,FULLPATH,DIRECTORY,LASTMODIFIED,CHILD_ID) values ('c9ff5f64-ebd3-11e3-8c2e-d196cb143440','0','c9dc468b-ebd3-11e3-8c2e-d196cb143440','index_es.properties','/pentaho-solutions/admin/index_es.properties','0','1353938386000','c9dc468b-ebd3-11e3-8c2e-d196cb143440');
Insert into HIBUSER.PRO_FILES (FILE_ID,REVISION,PARENT,FILENAME,FULLPATH,DIRECTORY,LASTMODIFIED,CHILD_ID) values ('c9ff3853-ebd3-11e3-8c2e-d196cb143440','0','c9dc468b-ebd3-11e3-8c2e-d196cb143440','index_de.properties','/pentaho-solutions/admin/index_de.properties','0','1353938386000','c9dc468b-ebd3-11e3-8c2e-d196cb143440');
Insert into HIBUSER.PRO_FILES (FILE_ID,REVISION,PARENT,FILENAME,FULLPATH,DIRECTORY,LASTMODIFIED,CHILD_ID) values ('c9ff1142-ebd3-11e3-8c2e-d196cb143440','0','c9dc468b-ebd3-11e3-8c2e-d196cb143440','index.xml','/pentaho-solutions/admin/index.xml','0','1353938386000','c9dc468b-ebd3-11e3-8c2e-d196cb143440');
Insert into HIBUSER.PRO_FILES (FILE_ID,REVISION,PARENT,FILENAME,FULLPATH,DIRECTORY,LASTMODIFIED,CHILD_ID) values ('c9e4ab56-ebd3-11e3-8c2e-d196cb143440','0','c9dc468b-ebd3-11e3-8c2e-d196cb143440','btn_flush_mondrian_schema.png','/pentaho-solutions/admin/btn_flush_mondrian_schema.png','0','1353938386000','c9dc468b-ebd3-11e3-8c2e-d196cb143440');
Insert into HIBUSER.PRO_FILES (FILE_ID,REVISION,PARENT,FILENAME,FULLPATH,DIRECTORY,LASTMODIFIED,CHILD_ID) values ('c9e40f15-ebd3-11e3-8c2e-d196cb143440','0','c9dc468b-ebd3-11e3-8c2e-d196cb143440','btn_flush_mondrian_data.png','/pentaho-solutions/admin/btn_flush_mondrian_data.png','0','1353938386000','c9dc468b-ebd3-11e3-8c2e-d196cb143440');
Insert into HIBUSER.PRO_FILES (FILE_ID,REVISION,PARENT,FILENAME,FULLPATH,DIRECTORY,LASTMODIFIED,CHILD_ID) values ('c9e3e804-ebd3-11e3-8c2e-d196cb143440','0','c9dc468b-ebd3-11e3-8c2e-d196cb143440','btn_clean.png','/pentaho-solutions/admin/btn_clean.png','0','1353938386000','c9dc468b-ebd3-11e3-8c2e-d196cb143440');
Insert into HIBUSER.PRO_FILES (FILE_ID,REVISION,PARENT,FILENAME,FULLPATH,DIRECTORY,LASTMODIFIED,CHILD_ID) values ('c9e21343-ebd3-11e3-8c2e-d196cb143440','0','c9dc468b-ebd3-11e3-8c2e-d196cb143440','admin_intro.html','/pentaho-solutions/admin/admin_intro.html','0','1353938386000','c9dc468b-ebd3-11e3-8c2e-d196cb143440');
Insert into HIBUSER.PRO_FILES (FILE_ID,REVISION,PARENT,FILENAME,FULLPATH,DIRECTORY,LASTMODIFIED,CHILD_ID) values ('c9e1ec32-ebd3-11e3-8c2e-d196cb143440','0','c9dc468b-ebd3-11e3-8c2e-d196cb143440','admin.png','/pentaho-solutions/admin/admin.png','0','1353938386000','c9dc468b-ebd3-11e3-8c2e-d196cb143440');
Insert into HIBUSER.PRO_FILES (FILE_ID,REVISION,PARENT,FILENAME,FULLPATH,DIRECTORY,LASTMODIFIED,CHILD_ID) values ('ca0b1f4b-ebd3-11e3-8c2e-d196cb143440','0','c9dc468b-ebd3-11e3-8c2e-d196cb143440','ResetRepository_ja.properties','/pentaho-solutions/admin/ResetRepository_ja.properties','0','1353938386000','c9dc468b-ebd3-11e3-8c2e-d196cb143440');
Insert into HIBUSER.PRO_FILES (FILE_ID,REVISION,PARENT,FILENAME,FULLPATH,DIRECTORY,LASTMODIFIED,CHILD_ID) values ('ca0ad12a-ebd3-11e3-8c2e-d196cb143440','0','c9dc468b-ebd3-11e3-8c2e-d196cb143440','ResetRepository.url','/pentaho-solutions/admin/ResetRepository.url','0','1353938386000','c9dc468b-ebd3-11e3-8c2e-d196cb143440');
Insert into HIBUSER.PRO_FILES (FILE_ID,REVISION,PARENT,FILENAME,FULLPATH,DIRECTORY,LASTMODIFIED,CHILD_ID) values ('ca0aaa19-ebd3-11e3-8c2e-d196cb143440','0','c9dc468b-ebd3-11e3-8c2e-d196cb143440','ResetRepository.properties','/pentaho-solutions/admin/ResetRepository.properties','0','1353938386000','c9dc468b-ebd3-11e3-8c2e-d196cb143440');
Insert into HIBUSER.PRO_FILES (FILE_ID,REVISION,PARENT,FILENAME,FULLPATH,DIRECTORY,LASTMODIFIED,CHILD_ID) values ('ca0a5bf8-ebd3-11e3-8c2e-d196cb143440','0','c9dc468b-ebd3-11e3-8c2e-d196cb143440','Publish_zh_CN.properties','/pentaho-solutions/admin/Publish_zh_CN.properties','0','1353938386000','c9dc468b-ebd3-11e3-8c2e-d196cb143440');
Insert into HIBUSER.PRO_FILES (FILE_ID,REVISION,PARENT,FILENAME,FULLPATH,DIRECTORY,LASTMODIFIED,CHILD_ID) values ('ca0a0dd7-ebd3-11e3-8c2e-d196cb143440','0','c9dc468b-ebd3-11e3-8c2e-d196cb143440','Publish_nl.properties','/pentaho-solutions/admin/Publish_nl.properties','0','1353938386000','c9dc468b-ebd3-11e3-8c2e-d196cb143440');
Insert into HIBUSER.PRO_FILES (FILE_ID,REVISION,PARENT,FILENAME,FULLPATH,DIRECTORY,LASTMODIFIED,CHILD_ID) values ('ca09e6c6-ebd3-11e3-8c2e-d196cb143440','0','c9dc468b-ebd3-11e3-8c2e-d196cb143440','Publish_fr.properties','/pentaho-solutions/admin/Publish_fr.properties','0','1353938386000','c9dc468b-ebd3-11e3-8c2e-d196cb143440');
Insert into HIBUSER.PRO_FILES (FILE_ID,REVISION,PARENT,FILENAME,FULLPATH,DIRECTORY,LASTMODIFIED,CHILD_ID) values ('ca0998a5-ebd3-11e3-8c2e-d196cb143440','0','c9dc468b-ebd3-11e3-8c2e-d196cb143440','Publish_es.properties','/pentaho-solutions/admin/Publish_es.properties','0','1353938386000','c9dc468b-ebd3-11e3-8c2e-d196cb143440');
Insert into HIBUSER.PRO_FILES (FILE_ID,REVISION,PARENT,FILENAME,FULLPATH,DIRECTORY,LASTMODIFIED,CHILD_ID) values ('ca094a84-ebd3-11e3-8c2e-d196cb143440','0','c9dc468b-ebd3-11e3-8c2e-d196cb143440','Publish_de.properties','/pentaho-solutions/admin/Publish_de.properties','0','1353938386000','c9dc468b-ebd3-11e3-8c2e-d196cb143440');
Insert into HIBUSER.PRO_FILES (FILE_ID,REVISION,PARENT,FILENAME,FULLPATH,DIRECTORY,LASTMODIFIED,CHILD_ID) values ('c3ff4086-f864-11e3-b1aa-e7cdb9a7004c','1','0668d972-f235-11e3-927e-6fedf3884718','aaaa.cdfde','/pentaho-solutions/Analyse-Coupons/CDEDemos/aaaa.cdfde','0','1403259742078','0668d972-f235-11e3-927e-6fedf3884718');
Insert into HIBUSER.PRO_FILES (FILE_ID,REVISION,PARENT,FILENAME,FULLPATH,DIRECTORY,LASTMODIFIED,CHILD_ID) values ('3284e27c-34d7-11e4-b44a-bdd0c65241d1','8','86227269-327e-11e4-8274-d1b1787836de','First_Table_Report.prpt','/pentaho-solutions/Rapports/First_Table_Report.prpt','0','1409914344450','86227269-327e-11e4-8274-d1b1787836de');
Insert into HIBUSER.PRO_FILES (FILE_ID,REVISION,PARENT,FILENAME,FULLPATH,DIRECTORY,LASTMODIFIED,CHILD_ID) values ('c9dce2d9-ebd3-11e3-8c2e-d196cb143440','3','c9af1c0a-ebd3-11e3-8c2e-d196cb143440','cpf','/pentaho-solutions/cpf','1','1401878478239','c9af1c0a-ebd3-11e3-8c2e-d196cb143440');
Insert into HIBUSER.PRO_FILES (FILE_ID,REVISION,PARENT,FILENAME,FULLPATH,DIRECTORY,LASTMODIFIED,CHILD_ID) values ('c9dc6d9f-ebd3-11e3-8c2e-d196cb143440','7','c9af1c0a-ebd3-11e3-8c2e-d196cb143440','Analyse-Coupons','/pentaho-solutions/Analyse-Coupons','1','1415263459936','c9af1c0a-ebd3-11e3-8c2e-d196cb143440');
Insert into HIBUSER.PRO_FILES (FILE_ID,REVISION,PARENT,FILENAME,FULLPATH,DIRECTORY,LASTMODIFIED,CHILD_ID) values ('ca177b6e-ebd3-11e3-8c2e-d196cb143440','0','c9dc6d9f-ebd3-11e3-8c2e-d196cb143440','index.xml','/pentaho-solutions/Analyse-Coupons/index.xml','0','1398164864119','c9dc6d9f-ebd3-11e3-8c2e-d196cb143440');
Insert into HIBUSER.PRO_FILES (FILE_ID,REVISION,PARENT,FILENAME,FULLPATH,DIRECTORY,LASTMODIFIED,CHILD_ID) values ('ca172d4d-ebd3-11e3-8c2e-d196cb143440','29','c9dc6d9f-ebd3-11e3-8c2e-d196cb143440','Cube_coupons.xml','/pentaho-solutions/Analyse-Coupons/Cube_coupons.xml','0','1415368489494','c9dc6d9f-ebd3-11e3-8c2e-d196cb143440');
commit;
REM INSERTING into HIBUSER.PRO_SCHEDULE
SET DEFINE OFF;
REM INSERTING into HIBUSER.PRO_SUBCONTENT
SET DEFINE OFF;
REM INSERTING into HIBUSER.PRO_SUBCONTPARMS
SET DEFINE OFF;
REM INSERTING into HIBUSER.PRO_SUBCONT_SCHEDLIST
SET DEFINE OFF;
REM INSERTING into HIBUSER.PRO_SUBSCRIBE
SET DEFINE OFF;
REM INSERTING into HIBUSER.PRO_SUBSCRPARMS
SET DEFINE OFF;
REM INSERTING into HIBUSER.PRO_SUBS_SCHEDLIST
SET DEFINE OFF;
REM INSERTING into HIBUSER.RTELEMENT
SET DEFINE OFF;
REM INSERTING into HIBUSER.SSPARAMS
SET DEFINE OFF;
REM INSERTING into HIBUSER.USERS
SET DEFINE OFF;
Insert into HIBUSER.USERS (USERNAME,PASSWORD,DESCRIPTION,ENABLED) values ('test','test',null,'1');
Insert into HIBUSER.USERS (USERNAME,PASSWORD,DESCRIPTION,ENABLED) values ('admin','c2VjcmV0',null,'1');
Insert into HIBUSER.USERS (USERNAME,PASSWORD,DESCRIPTION,ENABLED) values ('pat','cGFzc3dvcmQ=',null,'1');
Insert into HIBUSER.USERS (USERNAME,PASSWORD,DESCRIPTION,ENABLED) values ('tiffany','cGFzc3dvcmQ=',null,'1');
Insert into HIBUSER.USERS (USERNAME,PASSWORD,DESCRIPTION,ENABLED) values ('joe','cGFzc3dvcmQ=',null,'1');
Insert into HIBUSER.USERS (USERNAME,PASSWORD,DESCRIPTION,ENABLED) values ('suzy','cGFzc3dvcmQ=',null,'1');
Insert into HIBUSER.USERS (USERNAME,PASSWORD,DESCRIPTION,ENABLED) values ('tunisair','dHVuaXNhaXI=','tunisair','1');
commit;
REM INSERTING into HIBUSER.USER_SETTINGS
SET DEFINE OFF;
Insert into HIBUSER.USER_SETTINGS (USER_SETTINGS_ID,USERNAME,SETTING_NAME,SETTING_VALUE) values ('4','amara2','MANTLE_SHOW_NAVIGATOR','true');
Insert into HIBUSER.USER_SETTINGS (USER_SETTINGS_ID,USERNAME,SETTING_NAME,SETTING_VALUE) values ('6','amara3','MANTLE_SHOW_NAVIGATOR','true');
Insert into HIBUSER.USER_SETTINGS (USER_SETTINGS_ID,USERNAME,SETTING_NAME,SETTING_VALUE) values ('5','joe','MANTLE_SHOW_NAVIGATOR','true');
Insert into HIBUSER.USER_SETTINGS (USER_SETTINGS_ID,USERNAME,SETTING_NAME,SETTING_VALUE) values ('390','joe','recent','[["/Analyse-Coupons/Tableaux de bord/Rep_traf_axe_od.wcdf",1416302035097],["/Analyse-Coupons/Tableaux de bord/Evol_traf_rcmoy_od_mois.wcdf",1416301841004],["/Analyse-Coupons/Tableaux de bord/Rep_traf_axe_pvente.wcdf",1416301764924],["/Analyse-Coupons/Tableaux de bord/rep_traf_od_jo.wcdf",1415366509224],["/Analyse-Coupons/Tableaux de bord/Rep_traf_rect_nvol_od.wcdf",1415366045876],["/Analyse-Coupons/Tableaux de bord/Rep_traf_rect_axe_ctarif.wcdf",1415365570755],["/Analyse-Coupons/Tableaux de bord/Evol_traf_od_semaine.wcdf",1415365197235],["/Analyse-Vols/Tableaux de bord/kpi_destination_saisons.wcdf",1410877563850],["/Rapports//First_Table_Report.prpt",1409914350624],["/Analyse-Vols/Tableaux de bord/kpi_pays_saisons.wcdf",1409739372890]]');
Insert into HIBUSER.USER_SETTINGS (USER_SETTINGS_ID,USERNAME,SETTING_NAME,SETTING_VALUE) values ('203','tunisair','MANTLE_SHOW_NAVIGATOR','true');
Insert into HIBUSER.USER_SETTINGS (USER_SETTINGS_ID,USERNAME,SETTING_NAME,SETTING_VALUE) values ('370','tunisair','recent','[["/Analyse-Coupons/Tableaux de bord/Rep_traf_axe_od.wcdf",1412084792380],["/Analyse-Coupons/Tableaux de bord/Rep_traf_rect_axe_ctarif.wcdf",1412084746091],["/Analyse-Coupons/Tableaux de bord/Rep_traf_rect_nvol_od.wcdf",1410512880593],["/Analyse-Coupons/Tableaux de bord/Rep_traf_axe_pvente.wcdf",1409821732104],["/Analyse-Coupons/Tableaux de bord/rep_traf_od_jo.wcdf",1409817804622],["/Analyse-Coupons/Tableaux de bord/Evol_traf_od_semaine.wcdf",1409816789421],["/Analyse-Coupons/Tableaux de bord/Evol_traf_rcmoy_od_mois.wcdf",1409816625118],["/Analyse-Vols/Tableaux de bord/KPI_nvol_saisons.wcdf",1409816586009],["/Analyse-Vols/Tableaux de bord/kpi_pays_saisons.wcdf",1409816568431],["/Analyse-Vols/Tableaux de bord/kpi_destination_saisons.wcdf",1409816434185]]');
Insert into HIBUSER.USER_SETTINGS (USER_SETTINGS_ID,USERNAME,SETTING_NAME,SETTING_VALUE) values ('49','amara3','recent','[["/Analyse-Coupons/Tableaux de bord/Evol_traf_rcmoy_od_mois.wcdf",1402411459373],["/Analyse-Coupons/Tableaux de bord/Rep_traf_axe_pvente.wcdf",1402411034288],["/Analyse-Coupons/Tableaux de bord/Rep_traf_rect_axe_ctarif.wcdf",1402409615115],["/Analyse-Coupons/Tableaux de bord/Rep_traf_axe_od.wcdf",1402407760588],["/Analyse-Coupons/Tableaux de bord/rep_traf_od_jo.wcdf",1402407565676],["/Analyse-Coupons/Tableaux de bord/Rep_traf_rect_nvol_od.wcdf",1402407447198],["/Analyse-Coupons/Tableaux de bord/Evol_traf_od_semaine.wcdf",1402406959783]]');
commit;
--------------------------------------------------------
--  Constraints for Table CDA_CACHECONTROL
--------------------------------------------------------

  ALTER TABLE "HIBUSER"."CDA_CACHECONTROL" ADD PRIMARY KEY ("QUERYID")
  USING INDEX PCTFREE 10 INITRANS 2 MAXTRANS 255 COMPUTE STATISTICS 
  STORAGE(INITIAL 65536 NEXT 1048576 MINEXTENTS 1 MAXEXTENTS 2147483645
  PCTINCREASE 0 FREELISTS 1 FREELIST GROUPS 1 BUFFER_POOL DEFAULT FLASH_CACHE DEFAULT CELL_FLASH_CACHE DEFAULT)
  TABLESPACE "PENTAHO_TABLESPACE"  ENABLE;
  ALTER TABLE "HIBUSER"."CDA_CACHECONTROL" MODIFY ("CRONSTRING" NOT NULL ENABLE);
  ALTER TABLE "HIBUSER"."CDA_CACHECONTROL" MODIFY ("DATAACCESSID" NOT NULL ENABLE);
  ALTER TABLE "HIBUSER"."CDA_CACHECONTROL" MODIFY ("CDAFILE" NOT NULL ENABLE);
  ALTER TABLE "HIBUSER"."CDA_CACHECONTROL" MODIFY ("DISCRIMINATOR" NOT NULL ENABLE);
  ALTER TABLE "HIBUSER"."CDA_CACHECONTROL" MODIFY ("QUERYID" NOT NULL ENABLE);
--------------------------------------------------------
--  Constraints for Table PRO_SUBCONTENT
--------------------------------------------------------

  ALTER TABLE "HIBUSER"."PRO_SUBCONTENT" ADD UNIQUE ("SUBCONTACTREF")
  USING INDEX PCTFREE 10 INITRANS 2 MAXTRANS 167 COMPUTE STATISTICS 
  STORAGE(INITIAL 65536 NEXT 1048576 MINEXTENTS 1 MAXEXTENTS 2147483645
  PCTINCREASE 0 FREELISTS 1 FREELIST GROUPS 1 BUFFER_POOL DEFAULT FLASH_CACHE DEFAULT CELL_FLASH_CACHE DEFAULT)
  TABLESPACE "PENTAHO_TABLESPACE"  ENABLE;
  ALTER TABLE "HIBUSER"."PRO_SUBCONTENT" ADD PRIMARY KEY ("SUBCONTID")
  USING INDEX PCTFREE 10 INITRANS 2 MAXTRANS 255 COMPUTE STATISTICS 
  STORAGE(INITIAL 65536 NEXT 1048576 MINEXTENTS 1 MAXEXTENTS 2147483645
  PCTINCREASE 0 FREELISTS 1 FREELIST GROUPS 1 BUFFER_POOL DEFAULT FLASH_CACHE DEFAULT CELL_FLASH_CACHE DEFAULT)
  TABLESPACE "PENTAHO_TABLESPACE"  ENABLE;
  ALTER TABLE "HIBUSER"."PRO_SUBCONTENT" MODIFY ("SUBCONTACTREF" NOT NULL ENABLE);
  ALTER TABLE "HIBUSER"."PRO_SUBCONTENT" MODIFY ("SUBCONTTYPE" NOT NULL ENABLE);
  ALTER TABLE "HIBUSER"."PRO_SUBCONTENT" MODIFY ("REVISION" NOT NULL ENABLE);
  ALTER TABLE "HIBUSER"."PRO_SUBCONTENT" MODIFY ("SUBCONTID" NOT NULL ENABLE);
--------------------------------------------------------
--  Constraints for Table LNGPARAMS
--------------------------------------------------------

  ALTER TABLE "HIBUSER"."LNGPARAMS" ADD PRIMARY KEY ("ITEMID", "PARAMKEY")
  USING INDEX PCTFREE 10 INITRANS 2 MAXTRANS 255 COMPUTE STATISTICS 
  STORAGE(INITIAL 65536 NEXT 1048576 MINEXTENTS 1 MAXEXTENTS 2147483645
  PCTINCREASE 0 FREELISTS 1 FREELIST GROUPS 1 BUFFER_POOL DEFAULT FLASH_CACHE DEFAULT CELL_FLASH_CACHE DEFAULT)
  TABLESPACE "PENTAHO_TABLESPACE"  ENABLE;
  ALTER TABLE "HIBUSER"."LNGPARAMS" MODIFY ("PARAMKEY" NOT NULL ENABLE);
  ALTER TABLE "HIBUSER"."LNGPARAMS" MODIFY ("ITEMID" NOT NULL ENABLE);
--------------------------------------------------------
--  Constraints for Table DATASOURCE
--------------------------------------------------------

  ALTER TABLE "HIBUSER"."DATASOURCE" ADD PRIMARY KEY ("NAME")
  USING INDEX PCTFREE 10 INITRANS 2 MAXTRANS 255 COMPUTE STATISTICS 
  STORAGE(INITIAL 65536 NEXT 1048576 MINEXTENTS 1 MAXEXTENTS 2147483645
  PCTINCREASE 0 FREELISTS 1 FREELIST GROUPS 1 BUFFER_POOL DEFAULT FLASH_CACHE DEFAULT CELL_FLASH_CACHE DEFAULT)
  TABLESPACE "PENTAHO_TABLESPACE"  ENABLE;
  ALTER TABLE "HIBUSER"."DATASOURCE" MODIFY ("WAIT" NOT NULL ENABLE);
  ALTER TABLE "HIBUSER"."DATASOURCE" MODIFY ("URL" NOT NULL ENABLE);
  ALTER TABLE "HIBUSER"."DATASOURCE" MODIFY ("IDLECONN" NOT NULL ENABLE);
  ALTER TABLE "HIBUSER"."DATASOURCE" MODIFY ("DRIVERCLASS" NOT NULL ENABLE);
  ALTER TABLE "HIBUSER"."DATASOURCE" MODIFY ("MAXACTCONN" NOT NULL ENABLE);
  ALTER TABLE "HIBUSER"."DATASOURCE" MODIFY ("NAME" NOT NULL ENABLE);
--------------------------------------------------------
--  Constraints for Table PRO_SUBCONT_SCHEDLIST
--------------------------------------------------------

  ALTER TABLE "HIBUSER"."PRO_SUBCONT_SCHEDLIST" ADD PRIMARY KEY ("SCHEDULEID", "SCHEDID")
  USING INDEX PCTFREE 10 INITRANS 2 MAXTRANS 255 COMPUTE STATISTICS 
  STORAGE(INITIAL 65536 NEXT 1048576 MINEXTENTS 1 MAXEXTENTS 2147483645
  PCTINCREASE 0 FREELISTS 1 FREELIST GROUPS 1 BUFFER_POOL DEFAULT FLASH_CACHE DEFAULT CELL_FLASH_CACHE DEFAULT)
  TABLESPACE "PENTAHO_TABLESPACE"  ENABLE;
  ALTER TABLE "HIBUSER"."PRO_SUBCONT_SCHEDLIST" MODIFY ("SCHEDID" NOT NULL ENABLE);
  ALTER TABLE "HIBUSER"."PRO_SUBCONT_SCHEDLIST" MODIFY ("ELT" NOT NULL ENABLE);
  ALTER TABLE "HIBUSER"."PRO_SUBCONT_SCHEDLIST" MODIFY ("SCHEDULEID" NOT NULL ENABLE);
--------------------------------------------------------
--  Constraints for Table CPLXPARAMS
--------------------------------------------------------

  ALTER TABLE "HIBUSER"."CPLXPARAMS" ADD PRIMARY KEY ("ITEMID", "PARAMKEY")
  USING INDEX PCTFREE 10 INITRANS 2 MAXTRANS 255 COMPUTE STATISTICS 
  STORAGE(INITIAL 65536 NEXT 1048576 MINEXTENTS 1 MAXEXTENTS 2147483645
  PCTINCREASE 0 FREELISTS 1 FREELIST GROUPS 1 BUFFER_POOL DEFAULT FLASH_CACHE DEFAULT CELL_FLASH_CACHE DEFAULT)
  TABLESPACE "PENTAHO_TABLESPACE"  ENABLE;
  ALTER TABLE "HIBUSER"."CPLXPARAMS" MODIFY ("PARAMKEY" NOT NULL ENABLE);
  ALTER TABLE "HIBUSER"."CPLXPARAMS" MODIFY ("ITEMID" NOT NULL ENABLE);
--------------------------------------------------------
--  Constraints for Table GRANTED_AUTHORITIES
--------------------------------------------------------

  ALTER TABLE "HIBUSER"."GRANTED_AUTHORITIES" ADD PRIMARY KEY ("USERNAME", "AUTHORITY")
  USING INDEX PCTFREE 10 INITRANS 2 MAXTRANS 255 COMPUTE STATISTICS 
  STORAGE(INITIAL 65536 NEXT 1048576 MINEXTENTS 1 MAXEXTENTS 2147483645
  PCTINCREASE 0 FREELISTS 1 FREELIST GROUPS 1 BUFFER_POOL DEFAULT FLASH_CACHE DEFAULT CELL_FLASH_CACHE DEFAULT)
  TABLESPACE "PENTAHO_TABLESPACE"  ENABLE;
  ALTER TABLE "HIBUSER"."GRANTED_AUTHORITIES" MODIFY ("AUTHORITY" NOT NULL ENABLE);
  ALTER TABLE "HIBUSER"."GRANTED_AUTHORITIES" MODIFY ("USERNAME" NOT NULL ENABLE);
--------------------------------------------------------
--  Constraints for Table RTELEMENT
--------------------------------------------------------

  ALTER TABLE "HIBUSER"."RTELEMENT" ADD PRIMARY KEY ("INSTANCEID")
  USING INDEX PCTFREE 10 INITRANS 2 MAXTRANS 255 COMPUTE STATISTICS 
  STORAGE(INITIAL 65536 NEXT 1048576 MINEXTENTS 1 MAXEXTENTS 2147483645
  PCTINCREASE 0 FREELISTS 1 FREELIST GROUPS 1 BUFFER_POOL DEFAULT FLASH_CACHE DEFAULT CELL_FLASH_CACHE DEFAULT)
  TABLESPACE "PENTAHO_TABLESPACE"  ENABLE;
  ALTER TABLE "HIBUSER"."RTELEMENT" MODIFY ("CREATED" NOT NULL ENABLE);
  ALTER TABLE "HIBUSER"."RTELEMENT" MODIFY ("REVISION" NOT NULL ENABLE);
  ALTER TABLE "HIBUSER"."RTELEMENT" MODIFY ("INSTANCEID" NOT NULL ENABLE);
--------------------------------------------------------
--  Constraints for Table PRO_FILES
--------------------------------------------------------

  ALTER TABLE "HIBUSER"."PRO_FILES" ADD UNIQUE ("FULLPATH")
  USING INDEX PCTFREE 10 INITRANS 2 MAXTRANS 167 COMPUTE STATISTICS 
  STORAGE(INITIAL 65536 NEXT 1048576 MINEXTENTS 1 MAXEXTENTS 2147483645
  PCTINCREASE 0 FREELISTS 1 FREELIST GROUPS 1 BUFFER_POOL DEFAULT FLASH_CACHE DEFAULT CELL_FLASH_CACHE DEFAULT)
  TABLESPACE "PENTAHO_TABLESPACE"  ENABLE;
  ALTER TABLE "HIBUSER"."PRO_FILES" ADD PRIMARY KEY ("FILE_ID")
  USING INDEX PCTFREE 10 INITRANS 2 MAXTRANS 255 COMPUTE STATISTICS 
  STORAGE(INITIAL 65536 NEXT 1048576 MINEXTENTS 1 MAXEXTENTS 2147483645
  PCTINCREASE 0 FREELISTS 1 FREELIST GROUPS 1 BUFFER_POOL DEFAULT FLASH_CACHE DEFAULT CELL_FLASH_CACHE DEFAULT)
  TABLESPACE "PENTAHO_TABLESPACE"  ENABLE;
  ALTER TABLE "HIBUSER"."PRO_FILES" MODIFY ("LASTMODIFIED" NOT NULL ENABLE);
  ALTER TABLE "HIBUSER"."PRO_FILES" MODIFY ("DIRECTORY" NOT NULL ENABLE);
  ALTER TABLE "HIBUSER"."PRO_FILES" MODIFY ("FULLPATH" NOT NULL ENABLE);
  ALTER TABLE "HIBUSER"."PRO_FILES" MODIFY ("FILENAME" NOT NULL ENABLE);
  ALTER TABLE "HIBUSER"."PRO_FILES" MODIFY ("REVISION" NOT NULL ENABLE);
  ALTER TABLE "HIBUSER"."PRO_FILES" MODIFY ("FILE_ID" NOT NULL ENABLE);
--------------------------------------------------------
--  Constraints for Table CONTENTLOCATION
--------------------------------------------------------

  ALTER TABLE "HIBUSER"."CONTENTLOCATION" ADD UNIQUE ("DIRPATH")
  USING INDEX PCTFREE 10 INITRANS 2 MAXTRANS 167 COMPUTE STATISTICS 
  STORAGE(INITIAL 65536 NEXT 1048576 MINEXTENTS 1 MAXEXTENTS 2147483645
  PCTINCREASE 0 FREELISTS 1 FREELIST GROUPS 1 BUFFER_POOL DEFAULT FLASH_CACHE DEFAULT CELL_FLASH_CACHE DEFAULT)
  TABLESPACE "PENTAHO_TABLESPACE"  ENABLE;
  ALTER TABLE "HIBUSER"."CONTENTLOCATION" ADD PRIMARY KEY ("CONTENTID")
  USING INDEX PCTFREE 10 INITRANS 2 MAXTRANS 255 COMPUTE STATISTICS 
  STORAGE(INITIAL 65536 NEXT 1048576 MINEXTENTS 1 MAXEXTENTS 2147483645
  PCTINCREASE 0 FREELISTS 1 FREELIST GROUPS 1 BUFFER_POOL DEFAULT FLASH_CACHE DEFAULT CELL_FLASH_CACHE DEFAULT)
  TABLESPACE "PENTAHO_TABLESPACE"  ENABLE;
  ALTER TABLE "HIBUSER"."CONTENTLOCATION" MODIFY ("DIRPATH" NOT NULL ENABLE);
  ALTER TABLE "HIBUSER"."CONTENTLOCATION" MODIFY ("DESCRIPTION" NOT NULL ENABLE);
  ALTER TABLE "HIBUSER"."CONTENTLOCATION" MODIFY ("SOLNID" NOT NULL ENABLE);
  ALTER TABLE "HIBUSER"."CONTENTLOCATION" MODIFY ("NAMECOL" NOT NULL ENABLE);
  ALTER TABLE "HIBUSER"."CONTENTLOCATION" MODIFY ("REVISION" NOT NULL ENABLE);
  ALTER TABLE "HIBUSER"."CONTENTLOCATION" MODIFY ("CONTENTID" NOT NULL ENABLE);
--------------------------------------------------------
--  Constraints for Table LSPARAMS
--------------------------------------------------------

  ALTER TABLE "HIBUSER"."LSPARAMS" ADD PRIMARY KEY ("ITEMID", "PARAMKEY")
  USING INDEX PCTFREE 10 INITRANS 2 MAXTRANS 255 COMPUTE STATISTICS 
  STORAGE(INITIAL 65536 NEXT 1048576 MINEXTENTS 1 MAXEXTENTS 2147483645
  PCTINCREASE 0 FREELISTS 1 FREELIST GROUPS 1 BUFFER_POOL DEFAULT FLASH_CACHE DEFAULT CELL_FLASH_CACHE DEFAULT)
  TABLESPACE "PENTAHO_TABLESPACE"  ENABLE;
  ALTER TABLE "HIBUSER"."LSPARAMS" MODIFY ("PARAMKEY" NOT NULL ENABLE);
  ALTER TABLE "HIBUSER"."LSPARAMS" MODIFY ("ITEMID" NOT NULL ENABLE);
--------------------------------------------------------
--  Constraints for Table PRO_SUBCONTPARMS
--------------------------------------------------------

  ALTER TABLE "HIBUSER"."PRO_SUBCONTPARMS" ADD PRIMARY KEY ("ITEMID", "PARAMKEY")
  USING INDEX PCTFREE 10 INITRANS 2 MAXTRANS 255 COMPUTE STATISTICS 
  STORAGE(INITIAL 65536 NEXT 1048576 MINEXTENTS 1 MAXEXTENTS 2147483645
  PCTINCREASE 0 FREELISTS 1 FREELIST GROUPS 1 BUFFER_POOL DEFAULT FLASH_CACHE DEFAULT CELL_FLASH_CACHE DEFAULT)
  TABLESPACE "PENTAHO_TABLESPACE"  ENABLE;
  ALTER TABLE "HIBUSER"."PRO_SUBCONTPARMS" MODIFY ("PARAMKEY" NOT NULL ENABLE);
  ALTER TABLE "HIBUSER"."PRO_SUBCONTPARMS" MODIFY ("ITEMID" NOT NULL ENABLE);
--------------------------------------------------------
--  Constraints for Table BGCONTENTID
--------------------------------------------------------

  ALTER TABLE "HIBUSER"."BGCONTENTID" ADD PRIMARY KEY ("BGCONTID")
  USING INDEX PCTFREE 10 INITRANS 2 MAXTRANS 255 COMPUTE STATISTICS 
  STORAGE(INITIAL 65536 NEXT 1048576 MINEXTENTS 1 MAXEXTENTS 2147483645
  PCTINCREASE 0 FREELISTS 1 FREELIST GROUPS 1 BUFFER_POOL DEFAULT FLASH_CACHE DEFAULT CELL_FLASH_CACHE DEFAULT)
  TABLESPACE "PENTAHO_TABLESPACE"  ENABLE;
  ALTER TABLE "HIBUSER"."BGCONTENTID" MODIFY ("BGUSER" NOT NULL ENABLE);
  ALTER TABLE "HIBUSER"."BGCONTENTID" MODIFY ("REVISION" NOT NULL ENABLE);
  ALTER TABLE "HIBUSER"."BGCONTENTID" MODIFY ("BGCONTID" NOT NULL ENABLE);
--------------------------------------------------------
--  Constraints for Table CONTENTITEM
--------------------------------------------------------

  ALTER TABLE "HIBUSER"."CONTENTITEM" ADD UNIQUE ("PATHCOL")
  USING INDEX PCTFREE 10 INITRANS 2 MAXTRANS 167 COMPUTE STATISTICS 
  STORAGE(INITIAL 65536 NEXT 1048576 MINEXTENTS 1 MAXEXTENTS 2147483645
  PCTINCREASE 0 FREELISTS 1 FREELIST GROUPS 1 BUFFER_POOL DEFAULT FLASH_CACHE DEFAULT CELL_FLASH_CACHE DEFAULT)
  TABLESPACE "PENTAHO_TABLESPACE"  ENABLE;
  ALTER TABLE "HIBUSER"."CONTENTITEM" ADD PRIMARY KEY ("CONTITEMID")
  USING INDEX PCTFREE 10 INITRANS 2 MAXTRANS 255 COMPUTE STATISTICS 
  STORAGE(INITIAL 65536 NEXT 1048576 MINEXTENTS 1 MAXEXTENTS 2147483645
  PCTINCREASE 0 FREELISTS 1 FREELIST GROUPS 1 BUFFER_POOL DEFAULT FLASH_CACHE DEFAULT CELL_FLASH_CACHE DEFAULT)
  TABLESPACE "PENTAHO_TABLESPACE"  ENABLE;
  ALTER TABLE "HIBUSER"."CONTENTITEM" MODIFY ("WRITEMODE" NOT NULL ENABLE);
  ALTER TABLE "HIBUSER"."CONTENTITEM" MODIFY ("EXTENSION" NOT NULL ENABLE);
  ALTER TABLE "HIBUSER"."CONTENTITEM" MODIFY ("TITLE" NOT NULL ENABLE);
  ALTER TABLE "HIBUSER"."CONTENTITEM" MODIFY ("PATHCOL" NOT NULL ENABLE);
  ALTER TABLE "HIBUSER"."CONTENTITEM" MODIFY ("NAMECOL" NOT NULL ENABLE);
  ALTER TABLE "HIBUSER"."CONTENTITEM" MODIFY ("REVISION" NOT NULL ENABLE);
  ALTER TABLE "HIBUSER"."CONTENTITEM" MODIFY ("CONTITEMID" NOT NULL ENABLE);
--------------------------------------------------------
--  Constraints for Table DTPARAMS
--------------------------------------------------------

  ALTER TABLE "HIBUSER"."DTPARAMS" ADD PRIMARY KEY ("ITEMID", "PARAMKEY")
  USING INDEX PCTFREE 10 INITRANS 2 MAXTRANS 255 COMPUTE STATISTICS 
  STORAGE(INITIAL 65536 NEXT 1048576 MINEXTENTS 1 MAXEXTENTS 2147483645
  PCTINCREASE 0 FREELISTS 1 FREELIST GROUPS 1 BUFFER_POOL DEFAULT FLASH_CACHE DEFAULT CELL_FLASH_CACHE DEFAULT)
  TABLESPACE "PENTAHO_TABLESPACE"  ENABLE;
  ALTER TABLE "HIBUSER"."DTPARAMS" MODIFY ("PARAMKEY" NOT NULL ENABLE);
  ALTER TABLE "HIBUSER"."DTPARAMS" MODIFY ("ITEMID" NOT NULL ENABLE);
--------------------------------------------------------
--  Constraints for Table AUTHORITIES
--------------------------------------------------------

  ALTER TABLE "HIBUSER"."AUTHORITIES" ADD PRIMARY KEY ("AUTHORITY")
  USING INDEX PCTFREE 10 INITRANS 2 MAXTRANS 255 COMPUTE STATISTICS 
  STORAGE(INITIAL 65536 NEXT 1048576 MINEXTENTS 1 MAXEXTENTS 2147483645
  PCTINCREASE 0 FREELISTS 1 FREELIST GROUPS 1 BUFFER_POOL DEFAULT FLASH_CACHE DEFAULT CELL_FLASH_CACHE DEFAULT)
  TABLESPACE "PENTAHO_TABLESPACE"  ENABLE;
  ALTER TABLE "HIBUSER"."AUTHORITIES" MODIFY ("AUTHORITY" NOT NULL ENABLE);
--------------------------------------------------------
--  Constraints for Table USERS
--------------------------------------------------------

  ALTER TABLE "HIBUSER"."USERS" ADD PRIMARY KEY ("USERNAME")
  USING INDEX PCTFREE 10 INITRANS 2 MAXTRANS 255 COMPUTE STATISTICS 
  STORAGE(INITIAL 65536 NEXT 1048576 MINEXTENTS 1 MAXEXTENTS 2147483645
  PCTINCREASE 0 FREELISTS 1 FREELIST GROUPS 1 BUFFER_POOL DEFAULT FLASH_CACHE DEFAULT CELL_FLASH_CACHE DEFAULT)
  TABLESPACE "PENTAHO_TABLESPACE"  ENABLE;
  ALTER TABLE "HIBUSER"."USERS" MODIFY ("ENABLED" NOT NULL ENABLE);
  ALTER TABLE "HIBUSER"."USERS" MODIFY ("PASSWORD" NOT NULL ENABLE);
  ALTER TABLE "HIBUSER"."USERS" MODIFY ("USERNAME" NOT NULL ENABLE);
--------------------------------------------------------
--  Constraints for Table SSPARAMS
--------------------------------------------------------

  ALTER TABLE "HIBUSER"."SSPARAMS" ADD PRIMARY KEY ("ITEMID", "PARAMKEY")
  USING INDEX PCTFREE 10 INITRANS 2 MAXTRANS 255 COMPUTE STATISTICS 
  STORAGE(INITIAL 65536 NEXT 1048576 MINEXTENTS 1 MAXEXTENTS 2147483645
  PCTINCREASE 0 FREELISTS 1 FREELIST GROUPS 1 BUFFER_POOL DEFAULT FLASH_CACHE DEFAULT CELL_FLASH_CACHE DEFAULT)
  TABLESPACE "PENTAHO_TABLESPACE"  ENABLE;
  ALTER TABLE "HIBUSER"."SSPARAMS" MODIFY ("PARAMKEY" NOT NULL ENABLE);
  ALTER TABLE "HIBUSER"."SSPARAMS" MODIFY ("ITEMID" NOT NULL ENABLE);
--------------------------------------------------------
--  Constraints for Table CONTITEMFILE
--------------------------------------------------------

  ALTER TABLE "HIBUSER"."CONTITEMFILE" ADD PRIMARY KEY ("CONTIFILEID")
  USING INDEX PCTFREE 10 INITRANS 2 MAXTRANS 255 COMPUTE STATISTICS 
  STORAGE(INITIAL 65536 NEXT 1048576 MINEXTENTS 1 MAXEXTENTS 2147483645
  PCTINCREASE 0 FREELISTS 1 FREELIST GROUPS 1 BUFFER_POOL DEFAULT FLASH_CACHE DEFAULT CELL_FLASH_CACHE DEFAULT)
  TABLESPACE "PENTAHO_TABLESPACE"  ENABLE;
  ALTER TABLE "HIBUSER"."CONTITEMFILE" MODIFY ("FILEDATETIME" NOT NULL ENABLE);
  ALTER TABLE "HIBUSER"."CONTITEMFILE" MODIFY ("ACTNAME" NOT NULL ENABLE);
  ALTER TABLE "HIBUSER"."CONTITEMFILE" MODIFY ("OSPATH" NOT NULL ENABLE);
  ALTER TABLE "HIBUSER"."CONTITEMFILE" MODIFY ("OSFILENAME" NOT NULL ENABLE);
  ALTER TABLE "HIBUSER"."CONTITEMFILE" MODIFY ("REVISION" NOT NULL ENABLE);
  ALTER TABLE "HIBUSER"."CONTITEMFILE" MODIFY ("CONTIFILEID" NOT NULL ENABLE);
--------------------------------------------------------
--  Constraints for Table BDPARAMS
--------------------------------------------------------

  ALTER TABLE "HIBUSER"."BDPARAMS" ADD PRIMARY KEY ("ITEMID", "PARAMKEY")
  USING INDEX PCTFREE 10 INITRANS 2 MAXTRANS 255 COMPUTE STATISTICS 
  STORAGE(INITIAL 65536 NEXT 1048576 MINEXTENTS 1 MAXEXTENTS 2147483645
  PCTINCREASE 0 FREELISTS 1 FREELIST GROUPS 1 BUFFER_POOL DEFAULT FLASH_CACHE DEFAULT CELL_FLASH_CACHE DEFAULT)
  TABLESPACE "PENTAHO_TABLESPACE"  ENABLE;
  ALTER TABLE "HIBUSER"."BDPARAMS" MODIFY ("PARAMKEY" NOT NULL ENABLE);
  ALTER TABLE "HIBUSER"."BDPARAMS" MODIFY ("ITEMID" NOT NULL ENABLE);
--------------------------------------------------------
--  Constraints for Table PRO_ACLS_LIST
--------------------------------------------------------

  ALTER TABLE "HIBUSER"."PRO_ACLS_LIST" ADD PRIMARY KEY ("ACL_ID", "ACL_POSITION")
  USING INDEX PCTFREE 10 INITRANS 2 MAXTRANS 255 COMPUTE STATISTICS 
  STORAGE(INITIAL 65536 NEXT 1048576 MINEXTENTS 1 MAXEXTENTS 2147483645
  PCTINCREASE 0 FREELISTS 1 FREELIST GROUPS 1 BUFFER_POOL DEFAULT FLASH_CACHE DEFAULT CELL_FLASH_CACHE DEFAULT)
  TABLESPACE "PENTAHO_TABLESPACE"  ENABLE;
  ALTER TABLE "HIBUSER"."PRO_ACLS_LIST" MODIFY ("ACL_POSITION" NOT NULL ENABLE);
  ALTER TABLE "HIBUSER"."PRO_ACLS_LIST" MODIFY ("RECIPIENT" NOT NULL ENABLE);
  ALTER TABLE "HIBUSER"."PRO_ACLS_LIST" MODIFY ("RECIP_TYPE" NOT NULL ENABLE);
  ALTER TABLE "HIBUSER"."PRO_ACLS_LIST" MODIFY ("ACL_MASK" NOT NULL ENABLE);
  ALTER TABLE "HIBUSER"."PRO_ACLS_LIST" MODIFY ("ACL_ID" NOT NULL ENABLE);
--------------------------------------------------------
--  Constraints for Table PRO_SUBS_SCHEDLIST
--------------------------------------------------------

  ALTER TABLE "HIBUSER"."PRO_SUBS_SCHEDLIST" ADD PRIMARY KEY ("SCHEDULEID", "SCHEDID")
  USING INDEX PCTFREE 10 INITRANS 2 MAXTRANS 255 COMPUTE STATISTICS 
  STORAGE(INITIAL 65536 NEXT 1048576 MINEXTENTS 1 MAXEXTENTS 2147483645
  PCTINCREASE 0 FREELISTS 1 FREELIST GROUPS 1 BUFFER_POOL DEFAULT FLASH_CACHE DEFAULT CELL_FLASH_CACHE DEFAULT)
  TABLESPACE "PENTAHO_TABLESPACE"  ENABLE;
  ALTER TABLE "HIBUSER"."PRO_SUBS_SCHEDLIST" MODIFY ("SCHEDID" NOT NULL ENABLE);
  ALTER TABLE "HIBUSER"."PRO_SUBS_SCHEDLIST" MODIFY ("ELT" NOT NULL ENABLE);
  ALTER TABLE "HIBUSER"."PRO_SUBS_SCHEDLIST" MODIFY ("SCHEDULEID" NOT NULL ENABLE);
--------------------------------------------------------
--  Constraints for Table PRO_SUBSCRPARMS
--------------------------------------------------------

  ALTER TABLE "HIBUSER"."PRO_SUBSCRPARMS" ADD PRIMARY KEY ("ITEMID", "PARAMKEY")
  USING INDEX PCTFREE 10 INITRANS 2 MAXTRANS 255 COMPUTE STATISTICS 
  STORAGE(INITIAL 65536 NEXT 1048576 MINEXTENTS 1 MAXEXTENTS 2147483645
  PCTINCREASE 0 FREELISTS 1 FREELIST GROUPS 1 BUFFER_POOL DEFAULT FLASH_CACHE DEFAULT CELL_FLASH_CACHE DEFAULT)
  TABLESPACE "PENTAHO_TABLESPACE"  ENABLE;
  ALTER TABLE "HIBUSER"."PRO_SUBSCRPARMS" MODIFY ("PARAMKEY" NOT NULL ENABLE);
  ALTER TABLE "HIBUSER"."PRO_SUBSCRPARMS" MODIFY ("ITEMID" NOT NULL ENABLE);
--------------------------------------------------------
--  Constraints for Table PARAMTYPESMAP
--------------------------------------------------------

  ALTER TABLE "HIBUSER"."PARAMTYPESMAP" ADD PRIMARY KEY ("ITEMID", "PARAMKEY")
  USING INDEX PCTFREE 10 INITRANS 2 MAXTRANS 255 COMPUTE STATISTICS 
  STORAGE(INITIAL 65536 NEXT 1048576 MINEXTENTS 1 MAXEXTENTS 2147483645
  PCTINCREASE 0 FREELISTS 1 FREELIST GROUPS 1 BUFFER_POOL DEFAULT FLASH_CACHE DEFAULT CELL_FLASH_CACHE DEFAULT)
  TABLESPACE "PENTAHO_TABLESPACE"  ENABLE;
  ALTER TABLE "HIBUSER"."PARAMTYPESMAP" MODIFY ("PARAMKEY" NOT NULL ENABLE);
  ALTER TABLE "HIBUSER"."PARAMTYPESMAP" MODIFY ("ITEMID" NOT NULL ENABLE);
--------------------------------------------------------
--  Constraints for Table PRO_SUBSCRIBE
--------------------------------------------------------

  ALTER TABLE "HIBUSER"."PRO_SUBSCRIBE" MODIFY ("SUBSCRTYPE" NOT NULL ENABLE);
  ALTER TABLE "HIBUSER"."PRO_SUBSCRIBE" MODIFY ("REVISION" NOT NULL ENABLE);
  ALTER TABLE "HIBUSER"."PRO_SUBSCRIBE" MODIFY ("SUBSCRID" NOT NULL ENABLE);
  ALTER TABLE "HIBUSER"."PRO_SUBSCRIBE" ADD PRIMARY KEY ("SUBSCRID")
  USING INDEX PCTFREE 10 INITRANS 2 MAXTRANS 255 COMPUTE STATISTICS 
  STORAGE(INITIAL 65536 NEXT 1048576 MINEXTENTS 1 MAXEXTENTS 2147483645
  PCTINCREASE 0 FREELISTS 1 FREELIST GROUPS 1 BUFFER_POOL DEFAULT FLASH_CACHE DEFAULT CELL_FLASH_CACHE DEFAULT)
  TABLESPACE "PENTAHO_TABLESPACE"  ENABLE;
  ALTER TABLE "HIBUSER"."PRO_SUBSCRIBE" MODIFY ("SUBSCRTITLE" NOT NULL ENABLE);
  ALTER TABLE "HIBUSER"."PRO_SUBSCRIBE" MODIFY ("SUBSCRUSER" NOT NULL ENABLE);
--------------------------------------------------------
--  Constraints for Table CDA_CACHEDPARAMS
--------------------------------------------------------

  ALTER TABLE "HIBUSER"."CDA_CACHEDPARAMS" ADD PRIMARY KEY ("ID")
  USING INDEX PCTFREE 10 INITRANS 2 MAXTRANS 255 COMPUTE STATISTICS 
  STORAGE(INITIAL 65536 NEXT 1048576 MINEXTENTS 1 MAXEXTENTS 2147483645
  PCTINCREASE 0 FREELISTS 1 FREELIST GROUPS 1 BUFFER_POOL DEFAULT FLASH_CACHE DEFAULT CELL_FLASH_CACHE DEFAULT)
  TABLESPACE "PENTAHO_TABLESPACE"  ENABLE;
  ALTER TABLE "HIBUSER"."CDA_CACHEDPARAMS" MODIFY ("PARAMVALUE" NOT NULL ENABLE);
  ALTER TABLE "HIBUSER"."CDA_CACHEDPARAMS" MODIFY ("PARAMNAME" NOT NULL ENABLE);
  ALTER TABLE "HIBUSER"."CDA_CACHEDPARAMS" MODIFY ("ID" NOT NULL ENABLE);
--------------------------------------------------------
--  Constraints for Table USER_SETTINGS
--------------------------------------------------------

  ALTER TABLE "HIBUSER"."USER_SETTINGS" ADD PRIMARY KEY ("USER_SETTINGS_ID")
  USING INDEX PCTFREE 10 INITRANS 2 MAXTRANS 255 COMPUTE STATISTICS 
  STORAGE(INITIAL 65536 NEXT 1048576 MINEXTENTS 1 MAXEXTENTS 2147483645
  PCTINCREASE 0 FREELISTS 1 FREELIST GROUPS 1 BUFFER_POOL DEFAULT FLASH_CACHE DEFAULT CELL_FLASH_CACHE DEFAULT)
  TABLESPACE "PENTAHO_TABLESPACE"  ENABLE;
  ALTER TABLE "HIBUSER"."USER_SETTINGS" MODIFY ("SETTING_VALUE" NOT NULL ENABLE);
  ALTER TABLE "HIBUSER"."USER_SETTINGS" MODIFY ("SETTING_NAME" NOT NULL ENABLE);
  ALTER TABLE "HIBUSER"."USER_SETTINGS" MODIFY ("USERNAME" NOT NULL ENABLE);
  ALTER TABLE "HIBUSER"."USER_SETTINGS" MODIFY ("USER_SETTINGS_ID" NOT NULL ENABLE);
--------------------------------------------------------
--  Constraints for Table CDF_STORAGE
--------------------------------------------------------

  ALTER TABLE "HIBUSER"."CDF_STORAGE" ADD PRIMARY KEY ("STORAGEID")
  USING INDEX PCTFREE 10 INITRANS 2 MAXTRANS 255 COMPUTE STATISTICS 
  STORAGE(INITIAL 65536 NEXT 1048576 MINEXTENTS 1 MAXEXTENTS 2147483645
  PCTINCREASE 0 FREELISTS 1 FREELIST GROUPS 1 BUFFER_POOL DEFAULT FLASH_CACHE DEFAULT CELL_FLASH_CACHE DEFAULT)
  TABLESPACE "PENTAHO_TABLESPACE"  ENABLE;
  ALTER TABLE "HIBUSER"."CDF_STORAGE" MODIFY ("LASTUPDATED" NOT NULL ENABLE);
  ALTER TABLE "HIBUSER"."CDF_STORAGE" MODIFY ("STORAGEID" NOT NULL ENABLE);
--------------------------------------------------------
--  Constraints for Table PRO_SCHEDULE
--------------------------------------------------------

  ALTER TABLE "HIBUSER"."PRO_SCHEDULE" ADD PRIMARY KEY ("SCHEDULEID")
  USING INDEX PCTFREE 10 INITRANS 2 MAXTRANS 255 COMPUTE STATISTICS 
  STORAGE(INITIAL 65536 NEXT 1048576 MINEXTENTS 1 MAXEXTENTS 2147483645
  PCTINCREASE 0 FREELISTS 1 FREELIST GROUPS 1 BUFFER_POOL DEFAULT FLASH_CACHE DEFAULT CELL_FLASH_CACHE DEFAULT)
  TABLESPACE "PENTAHO_TABLESPACE"  ENABLE;
  ALTER TABLE "HIBUSER"."PRO_SCHEDULE" MODIFY ("SCHEDDESC" NOT NULL ENABLE);
  ALTER TABLE "HIBUSER"."PRO_SCHEDULE" MODIFY ("SCHEDREF" NOT NULL ENABLE);
  ALTER TABLE "HIBUSER"."PRO_SCHEDULE" MODIFY ("SCHEDTITLE" NOT NULL ENABLE);
  ALTER TABLE "HIBUSER"."PRO_SCHEDULE" MODIFY ("REVISION" NOT NULL ENABLE);
  ALTER TABLE "HIBUSER"."PRO_SCHEDULE" MODIFY ("SCHEDULEID" NOT NULL ENABLE);
--------------------------------------------------------
--  Ref Constraints for Table BDPARAMS
--------------------------------------------------------

  ALTER TABLE "HIBUSER"."BDPARAMS" ADD CONSTRAINT "FK61733C48FA34BFDC" FOREIGN KEY ("ITEMID")
	  REFERENCES "HIBUSER"."RTELEMENT" ("INSTANCEID") ENABLE;
--------------------------------------------------------
--  Ref Constraints for Table CDA_CACHEDPARAMS
--------------------------------------------------------

  ALTER TABLE "HIBUSER"."CDA_CACHEDPARAMS" ADD CONSTRAINT "FKB92B6307BB54968D" FOREIGN KEY ("PARAMID")
	  REFERENCES "HIBUSER"."CDA_CACHECONTROL" ("QUERYID") ENABLE;
--------------------------------------------------------
--  Ref Constraints for Table CONTENTITEM
--------------------------------------------------------

  ALTER TABLE "HIBUSER"."CONTENTITEM" ADD CONSTRAINT "FK692B5EEC44F32395" FOREIGN KEY ("PARENT_ID")
	  REFERENCES "HIBUSER"."CONTENTLOCATION" ("CONTENTID") ENABLE;
--------------------------------------------------------
--  Ref Constraints for Table CONTITEMFILE
--------------------------------------------------------

  ALTER TABLE "HIBUSER"."CONTITEMFILE" ADD CONSTRAINT "FK7FC3F44164D906F3" FOREIGN KEY ("PARENT_ID")
	  REFERENCES "HIBUSER"."CONTENTITEM" ("CONTITEMID") ENABLE;
--------------------------------------------------------
--  Ref Constraints for Table CPLXPARAMS
--------------------------------------------------------

  ALTER TABLE "HIBUSER"."CPLXPARAMS" ADD CONSTRAINT "FKD6D6E97FFA34BFDC" FOREIGN KEY ("ITEMID")
	  REFERENCES "HIBUSER"."RTELEMENT" ("INSTANCEID") ENABLE;
--------------------------------------------------------
--  Ref Constraints for Table DTPARAMS
--------------------------------------------------------

  ALTER TABLE "HIBUSER"."DTPARAMS" ADD CONSTRAINT "FK7F994A16FA34BFDC" FOREIGN KEY ("ITEMID")
	  REFERENCES "HIBUSER"."RTELEMENT" ("INSTANCEID") ENABLE;
--------------------------------------------------------
--  Ref Constraints for Table GRANTED_AUTHORITIES
--------------------------------------------------------

  ALTER TABLE "HIBUSER"."GRANTED_AUTHORITIES" ADD CONSTRAINT "FK7471775D41B6DA97" FOREIGN KEY ("AUTHORITY")
	  REFERENCES "HIBUSER"."AUTHORITIES" ("AUTHORITY") ENABLE;
  ALTER TABLE "HIBUSER"."GRANTED_AUTHORITIES" ADD CONSTRAINT "FK7471775DD9EDC77F" FOREIGN KEY ("USERNAME")
	  REFERENCES "HIBUSER"."USERS" ("USERNAME") ENABLE;
--------------------------------------------------------
--  Ref Constraints for Table LNGPARAMS
--------------------------------------------------------

  ALTER TABLE "HIBUSER"."LNGPARAMS" ADD CONSTRAINT "FKE304FCCBFA34BFDC" FOREIGN KEY ("ITEMID")
	  REFERENCES "HIBUSER"."RTELEMENT" ("INSTANCEID") ENABLE;
--------------------------------------------------------
--  Ref Constraints for Table LSPARAMS
--------------------------------------------------------

  ALTER TABLE "HIBUSER"."LSPARAMS" ADD CONSTRAINT "FK89BC75CDFA34BFDC" FOREIGN KEY ("ITEMID")
	  REFERENCES "HIBUSER"."RTELEMENT" ("INSTANCEID") ENABLE;
--------------------------------------------------------
--  Ref Constraints for Table PARAMTYPESMAP
--------------------------------------------------------

  ALTER TABLE "HIBUSER"."PARAMTYPESMAP" ADD CONSTRAINT "FKD3EDA1B0FA34BFDC" FOREIGN KEY ("ITEMID")
	  REFERENCES "HIBUSER"."RTELEMENT" ("INSTANCEID") ENABLE;
--------------------------------------------------------
--  Ref Constraints for Table PRO_ACLS_LIST
--------------------------------------------------------

  ALTER TABLE "HIBUSER"."PRO_ACLS_LIST" ADD CONSTRAINT "FKB65646C2B23C5D30" FOREIGN KEY ("ACL_ID")
	  REFERENCES "HIBUSER"."PRO_FILES" ("FILE_ID") ENABLE;
--------------------------------------------------------
--  Ref Constraints for Table PRO_FILES
--------------------------------------------------------

  ALTER TABLE "HIBUSER"."PRO_FILES" ADD CONSTRAINT "FK94A87E2569FABF5E" FOREIGN KEY ("CHILD_ID")
	  REFERENCES "HIBUSER"."PRO_FILES" ("FILE_ID") ENABLE;
  ALTER TABLE "HIBUSER"."PRO_FILES" ADD CONSTRAINT "FK94A87E25CBBBB0EA" FOREIGN KEY ("PARENT")
	  REFERENCES "HIBUSER"."PRO_FILES" ("FILE_ID") ENABLE;
--------------------------------------------------------
--  Ref Constraints for Table PRO_SUBCONTPARMS
--------------------------------------------------------

  ALTER TABLE "HIBUSER"."PRO_SUBCONTPARMS" ADD CONSTRAINT "FKF3CE4C47846761A" FOREIGN KEY ("ITEMID")
	  REFERENCES "HIBUSER"."PRO_SUBCONTENT" ("SUBCONTID") ENABLE;
--------------------------------------------------------
--  Ref Constraints for Table PRO_SUBCONT_SCHEDLIST
--------------------------------------------------------

  ALTER TABLE "HIBUSER"."PRO_SUBCONT_SCHEDLIST" ADD CONSTRAINT "FKF0D3FBD62593BC9E" FOREIGN KEY ("SCHEDULEID")
	  REFERENCES "HIBUSER"."PRO_SUBCONTENT" ("SUBCONTID") ENABLE;
  ALTER TABLE "HIBUSER"."PRO_SUBCONT_SCHEDLIST" ADD CONSTRAINT "FKF0D3FBD69E226721" FOREIGN KEY ("ELT")
	  REFERENCES "HIBUSER"."PRO_SCHEDULE" ("SCHEDULEID") ENABLE;
--------------------------------------------------------
--  Ref Constraints for Table PRO_SUBSCRIBE
--------------------------------------------------------

  ALTER TABLE "HIBUSER"."PRO_SUBSCRIBE" ADD CONSTRAINT "FK5E7511F89D8AC376" FOREIGN KEY ("SUBSCR_CONTID")
	  REFERENCES "HIBUSER"."PRO_SUBCONTENT" ("SUBCONTID") ENABLE;
--------------------------------------------------------
--  Ref Constraints for Table PRO_SUBSCRPARMS
--------------------------------------------------------

  ALTER TABLE "HIBUSER"."PRO_SUBSCRPARMS" ADD CONSTRAINT "FK95DADE9355DC7DE8" FOREIGN KEY ("ITEMID")
	  REFERENCES "HIBUSER"."PRO_SUBSCRIBE" ("SUBSCRID") ENABLE;
--------------------------------------------------------
--  Ref Constraints for Table PRO_SUBS_SCHEDLIST
--------------------------------------------------------

  ALTER TABLE "HIBUSER"."PRO_SUBS_SCHEDLIST" ADD CONSTRAINT "FK2A8C749B7329C46C" FOREIGN KEY ("SCHEDULEID")
	  REFERENCES "HIBUSER"."PRO_SUBSCRIBE" ("SUBSCRID") ENABLE;
  ALTER TABLE "HIBUSER"."PRO_SUBS_SCHEDLIST" ADD CONSTRAINT "FK2A8C749B9E226721" FOREIGN KEY ("ELT")
	  REFERENCES "HIBUSER"."PRO_SCHEDULE" ("SCHEDULEID") ENABLE;
--------------------------------------------------------
--  Ref Constraints for Table SSPARAMS
--------------------------------------------------------

  ALTER TABLE "HIBUSER"."SSPARAMS" ADD CONSTRAINT "FK60E4AFE6FA34BFDC" FOREIGN KEY ("ITEMID")
	  REFERENCES "HIBUSER"."RTELEMENT" ("INSTANCEID") ENABLE;
